{"sessionId":{"0":"MRDM3jNXK9","1":"QbGvBsYLqd","2":"szennk2Xy9","3":"JmCoAtc38k","4":"0A0ATArF0u","6":"wj72Iz7oRs","7":"hStFZqF7Nx","8":"XnRfkIBVQE","9":"HpwMHUthGx","10":"M18n7joKzO","11":"xVJa4ZeqJO","12":"7XznUNx8ey","13":"THlitlwOiU","14":"tNlzvrInmA","16":"28QI4fPJio","17":"PxmvY1r06U","18":"EK2NXWiycQ","19":"k5C2sNBlSH","20":"V9XcDOPqWc","21":"WPH0OI37WM","22":"bu0VuZGpg8","23":"2pWSkYfsSB","25":"JkXv8BchEE","26":"QZLp76qsFV","27":"V18lfxDve8","28":"9QvSJH4V6l","29":"EfrIl5yjD6","30":"TQMKgVfuTe","31":"uc26hjWiSi","32":"5E4Jr7EioT","33":"Fwl1eNg46q","34":"IZdaVKmyfF","35":"RRK0g42R1U","36":"sEpkXDAXXR","38":"gKhypIj0Pv","39":"Y6000oFyON","40":"P78OrxrJGn","41":"HOqe5fERFA","42":"3LpidIlwuS","44":"VfZoYiawPH","45":"aG1Q6Jq1R6","46":"gy1pf3jDXf","47":"euRsfxKsQO","48":"A5EAEmc4Gx","49":"WT5nK6QnRy","50":"e8EPYylbnl","51":"G8wIm1RnYr","52":"dZjBbefHxj","53":"IXhB2reyoU","54":"TqdYxTDn3r","55":"qDvHm3GpsL","56":"EEaziDJycZ","57":"VnHzgcdd5h","58":"nSdkZZltWo","59":"leQW4ySmO0","60":"YZxBgkgAxh","61":"5XYJXB15ah","62":"SIVGq5GxtE","63":"vAC8U065wI","64":"VwE388ZKNn","65":"h0iaKCRbwU","66":"iOoj99qNKy","68":"FRDUfSRe3H","69":"wLbkq1SBnC","70":"TzTKSXjLkH","71":"6WZWtg3hIR","72":"Q5GHoaH3XS","73":"tNT2Hr7McQ","74":"S2wFj9cBqR","75":"qYPNDh4nIx","76":"LWdXj2szkW","77":"fqmngHqg2Q","78":"YOiF3GRZa8","79":"lY6X7Y5AAg","80":"0H3b5b5ogw","81":"dDnwu36Yix","82":"TwaRiQAciH","83":"5MfUFptGf8","84":"5P25vV5OdI","85":"gX46iIRSvh","86":"I1R5Ym5jOM","87":"9vISfGSMZ7","88":"HFlhDitUYh","89":"p4AkkDwn5y","91":"CBFetQ04xU","92":"vPZuNyBr6i","93":"A3FW49jv8c","94":"N9RpA5TqTm","95":"uNfTBGyM0u","96":"tYRUYXGYA8","97":"YXXDILMZA8","98":"MYmcqPDkj6","99":"9x7TshMw5X","100":"BnAXRmhp9z","101":"33Yh04VmXe","102":"09l8QzVeFE","103":"EZJTCXovCz","105":"LTP1Pbu9sU","106":"FalD30sz9k","107":"0VHGxG4Oru","108":"weAulf2dDy","109":"DKlKHpCfv5","110":"6jJYIe602m","111":"EWwPM9j66M","112":"Mro8MlgrR6","114":"Mrsnvxvvnd","115":"Wkt5LyK351","116":"bnQ6kbGN7k","117":"ZdR62RmPrG","119":"ogFDr0GS8Y","120":"zWKJ8jN7yp","121":"KJunpWYOfV","122":"i1cTBU80CQ","123":"ZcealBaUfB","124":"qBGQlK71o0","125":"9Tm7vzfTGV","126":"Zu0fUtsxVC","127":"RSPveIXARK","128":"J0TPArCIP2","129":"G4TNrvLuPf","130":"0qvaEFzU9l","131":"ByPA1pfRDn","132":"fj0RxdsoxQ","133":"CfhZQt7MgI","134":"GwWHkCLerR","135":"l4LYBSqE69","136":"uDan1WPwLG","137":"083vmlWZCN","138":"LGl9yzAnRB","139":"OjU1jsb7hc","140":"eeMefIpuV0","141":"PSa7p0zX4Z","142":"wUme2Z7Y0B","143":"FBPherOZkX","144":"FSHndmHTud","145":"U5g4qf8t18","146":"epeH9HBzG6","147":"0pggZJV0Dx","148":"NuvYXdwZlq","149":"XgbtY7vSoP","150":"0EjnehKOJz","151":"pxKw7QyePS","152":"yhlUGShi4t","153":"7yqTZ61b7W","154":"awYMwqcezD","156":"7f5VhoKeAk","157":"DK73npiS9f","158":"ukomiYkU8z","159":"hjF5JVvOjO","160":"FErLepLDSw","161":"F2CQW0DR1I","162":"YMvHNymQMw","163":"DRKt4vld7P","164":"1dAJAQh264","165":"1EgdPFCNY2","167":"29u62tlxIK","168":"zctm1Ngs4K","170":"vWiY2XBI4m","171":"3QDFDHzDGU","172":"jr9egRwn1T","173":"KBKSKLe24v","174":"96lhIYfRFF","175":"IaYDczNvVX","176":"wsJX6STQ5b","177":"5MXGFrFcli","178":"EESbqCnaMV","179":"RwZ4TDolbl","180":"Y2aheT5JmN","181":"WUBseqgLIm","182":"s5eTg7I5f0","183":"ENHXuyy1bA","184":"Uc8olNHAkJ","185":"O0q1yXPO69","186":"rdUq6LMK4z","187":"jcS6igqwRX","188":"muQT7pLwlk","189":"D7X2wGXpNk","190":"HFJbh2NWjq","192":"iXlzDfcjFN","193":"nvhw3OU0x4","194":"TKWAXgODGf","195":"BMozKud0pI","196":"NJuKcE6PTJ","197":"NPbhBIl4dt","198":"PI71xlxE2C","199":"zA5dEYWfgx","200":"yGhFulvDt3","201":"S80zGh52UH","202":"ZKlTVJP5Mj","203":"O5M7a394kZ","204":"uTYC6mj6ZB","205":"Bb5yZos95H","206":"6YrM6dy1ji","207":"W5W9ugf0t8","208":"F0xbkjfoJI","209":"3ozJA5q3Cj","210":"rRub0Gfg7H","211":"Swgah6KS2j","212":"o0PFMtvWyr","213":"OatZH96BDS","214":"sQJU75XP5Y","216":"dr9CQ0utIu","217":"V0wG9YiutB","218":"KsuNTGwXjH","219":"5YVa9HtYMp","220":"sjy237My6C","221":"f9GL0dTDHA","222":"pHvt4D9wI0","223":"hmEEBGkrJG","224":"kt6GHCqqkY","225":"XTptVaa37I","226":"G2QGTcf6dx","227":"70fe8vavOM","228":"deoQtzRC3R","229":"BQ8xRXXOv1","230":"WAxpxGLKif","231":"J1TqVjFrOW","232":"QEcrsWNwJS","233":"oYbDRWUUAQ","234":"vzYypNO8Gt","235":"YQyzYwLc9W","236":"zvDQ9CkDqH","237":"kr1HdgChue","238":"AFiaXenaZt","239":"w5OGIPDvsU","240":"ddnJDPo1Ax","241":"HaWM3wIaAJ","242":"9yyMzJgaxO","244":"bo80rYhl2T","246":"wSFAK34fer","247":"DWiIz8sdAp","248":"XYDFn43OkZ","250":"7qinrDDknP","251":"MPjmf8NTAi","252":"wJRmkk4TsR","253":"r9UAIfcFJF","255":"jkIszf8ZHE","257":"cLWjDxdNaV","258":"iP9gnaOEsM","259":"S7IwnIaVuD","260":"r3Cep0pdWA","261":"d9PvBT2ms5","262":"W1Tn1sd4cF","263":"bwgEfvTUqk","264":"9wFp5sl9pR","265":"msutPullJc","266":"CEws0i7gYk","267":"uZolGcda3S","268":"Au4zMJKCH3","269":"NT06sQNAnb","270":"emcP5K35QF","272":"eGOskv4Ymw","273":"lJd483zsWq","274":"NFH4eBmzz6","275":"AwpRt4FXB6","276":"OtbJeRXUzN","278":"slsldZl5Xd","279":"MVk55DfkE9","281":"4VV00OZHh7","282":"5Vp9OzOVfK","283":"1Qr81LHiZS","284":"tMmeiUum11","285":"y43JOIdYtP","286":"Jv0NMKhJjm","287":"pldJvzpMs3","288":"ZiWQImvvcb","289":"0PeCbwcaLe","291":"oaW1LOeogZ","294":"IxiaQFtKkw","296":"XxXxZInPSM","297":"hYbs3hNJ5y","298":"Vz1LP5mOWG","299":"ngCQ8RGEEU","300":"L2tBI1nTnS","301":"GVlqtk1aB2","302":"KkA8alicuc","303":"eE97ByavSb","304":"Lm073yMBIu","306":"hz91J8KP1S","307":"S2VLBBGt5t","308":"qveOZYUqzW","309":"6OwaOOv43U","310":"gJT3fiJNiU","311":"JMat7AaEaY","313":"sg4V3i4nJM","315":"rZYc6TDHMj","316":"dlkzRvmZwu","317":"QKUM18iryD","318":"RuhvFmk9Ft","319":"9B9UzD6E6o","320":"3BDGddc8Xa","321":"baDQampsqG","324":"guWse3IgCs","325":"Gemk4aQZoO","327":"QABCzUomt0","328":"PWqf8rJl4b","329":"rTLj59KLjV","330":"BedmarGpgo","331":"NKPhYqtpU0","332":"owY9ewSCbA","333":"Qx8XtkSUja","334":"ztY4L3lMFA","335":"IydVfRGme6","336":"wSBdZlG0uL","338":"8P1ihOQdc9","341":"x2lxTtikSk","342":"eRGl6uaG7F","343":"fcINR24285","344":"UWdgfaKTKk","345":"h0OCGrRl0H","346":"9cE91adbja","347":"mwKs28cH4o","348":"W0kJrgm2NO","349":"4YuvjpNaIU","350":"PNe3SbgMOp","351":"DkkQDqxrLX","352":"v9gvenfhuF","353":"0v36WfDI1Y","354":"tnPiYjJsMD","355":"kJc5ySTpUV","356":"cTa2rzvukg","357":"VwIDOQDocs","358":"k0z4l33qu7","359":"soU4uEabwJ","362":"McKaQc4ag1","363":"qJ7lXum9DQ","364":"GjOQx7qbEy","365":"vTbZgqJSN4","366":"ROqFUaztk9","367":"jhS9cYc3Ky","368":"Wy2SKOcaDq","369":"NbAUw2dlD6","370":"XXZExIwJ9y","371":"BML6N5NUs7","372":"Ac1KPBroqx","373":"SFaig7kNwJ","374":"Z66UnfAOAJ","375":"qmaZHXgW4z","376":"IjxjU1ntjj","378":"fqE0siB5Dm","379":"blueidfyo7","380":"1sYLuXemYD","381":"nlOFWK07mG","382":"WAlkh2AgCp","383":"sq8tBJixpB","384":"CNderRyjDb","385":"51rEH0lsSn","386":"KSzUgJERaQ","387":"pZLRc2H09H","388":"w6CiCbesXh","389":"sRMJLPbRbG","390":"6XN4lQTP7v","391":"DSeBielfC6","392":"E72o4bje17","393":"qWC0WAxpws","394":"mJbvd0voVo","395":"O04ZRtV35a","396":"0LEXRECpRy","397":"1P2ymNYzbw","398":"SOoNEgQG4i","399":"XFzZIXIktU","400":"Vv317g0TfK","402":"CEY21BZxTI","403":"KwrjL3bPoo","404":"zUUn0Pjzl7","405":"AInPK89EPi","406":"iCgj0alNRy","409":"Zprr0zKfEj","410":"TILT3Mpdrq","411":"05PpTBb4UK","412":"fbA0juZCft","413":"rJA8wPARh0","414":"Pz881jqS5B","415":"GsniIPZ9mq","416":"yFk8JOGzad","417":"RAzXJqelFt","418":"R5PJu3RGnl"},"bonusDollars":{"0":1.262,"1":1.228,"2":1.341,"3":1.148,"4":1.356,"6":1.192,"7":1.306,"8":1.092,"9":1.466,"10":1.36,"11":1.397,"12":1.081,"13":0.67,"14":1.033,"16":1.124,"17":1.293,"18":1.467,"19":1.283,"20":1.337,"21":1.334,"22":1.187,"23":1.489,"25":0.92,"26":1.062,"27":0.888,"28":1.277,"29":1.252,"30":1.195,"31":0.543,"32":1.453,"33":1.348,"34":1.4,"35":1.439,"36":1.471,"38":1.215,"39":1.288,"40":1.029,"41":1.116,"42":1.456,"44":0.842,"45":1.447,"46":1.352,"47":0.686,"48":1.46,"49":1.368,"50":0.917,"51":1.06,"52":1.255,"53":1.347,"54":1.297,"55":0.879,"56":1.444,"57":1.179,"58":1.249,"59":1.13,"60":1.403,"61":1.293,"62":1.337,"63":1.233,"64":1.278,"65":0.887,"66":1.189,"68":1.166,"69":1.203,"70":1.376,"71":1.391,"72":1.124,"73":1.145,"74":1.141,"75":1.387,"76":1.276,"77":1.186,"78":1.398,"79":1.285,"80":0.931,"81":0.702,"82":1.029,"83":1.475,"84":1.31,"85":1.295,"86":1.412,"87":1.189,"88":0.977,"89":1.251,"91":1.125,"92":1.002,"93":1.495,"94":1.153,"95":1.141,"96":0.932,"97":1.103,"98":1.261,"99":0.946,"100":1.159,"101":1.223,"102":0.735,"103":1.219,"105":0.748,"106":1.427,"107":1.427,"108":0.885,"109":1.068,"110":1.376,"111":1.475,"112":0.789,"114":1.025,"115":1.238,"116":1.136,"117":1.427,"119":0.636,"120":0.725,"121":0.453,"122":1.262,"123":0.993,"124":1.107,"125":0.514,"126":1.236,"127":0.891,"128":1.414,"129":1.273,"130":1.204,"131":1.424,"132":1.318,"133":1.267,"134":1.438,"135":1.43,"136":1.358,"137":0.972,"138":1.209,"139":0.789,"140":0.6,"141":1.48,"142":1.457,"143":1.414,"144":0.852,"145":1.353,"146":1.273,"147":1.484,"148":1.177,"149":1.377,"150":1.327,"151":0.938,"152":1.068,"153":1.34,"154":0.768,"156":1.428,"157":1.172,"158":0.699,"159":1.436,"160":0.872,"161":1.432,"162":1.227,"163":0.957,"164":0.981,"165":1.252,"167":0.448,"168":1.388,"170":1.174,"171":1.366,"172":1.125,"173":1.423,"174":0.696,"175":1.052,"176":1.26,"177":1.309,"178":1.502,"179":1.51,"180":1.04,"181":0.589,"182":1.432,"183":0.421,"184":1.013,"185":1.259,"186":1.171,"187":1.4,"188":1.363,"189":1.369,"190":1.063,"192":1.292,"193":1.426,"194":1.124,"195":1.108,"196":1.271,"197":1.501,"198":1.445,"199":1.449,"200":1.074,"201":1.043,"202":1.497,"203":0.672,"204":0.726,"205":1.224,"206":1.443,"207":1.076,"208":1.365,"209":1.29,"210":1.234,"211":1.469,"212":1.392,"213":0.751,"214":1.424,"216":1.313,"217":1.276,"218":1.336,"219":1.192,"220":1.468,"221":1.058,"222":1.017,"223":1.397,"224":1.37,"225":0.765,"226":1.339,"227":0.854,"228":1.345,"229":1.324,"230":1.115,"231":1.33,"232":0.938,"233":1.349,"234":1.444,"235":1.252,"236":1.4,"237":1.207,"238":1.1,"239":1.498,"240":1.426,"241":1.083,"242":1.329,"244":0.618,"246":0.889,"247":1.321,"248":1.463,"250":0.983,"251":1.483,"252":1.043,"253":1.495,"255":1.504,"257":1.026,"258":1.312,"259":0.993,"260":1.183,"261":1.205,"262":1.337,"263":1.463,"264":0.967,"265":1.158,"266":1.455,"267":1.172,"268":1.135,"269":0.921,"270":1.039,"272":1.275,"273":1.127,"274":1.175,"275":1.479,"276":1.282,"278":1.504,"279":1.308,"281":1.159,"282":0.988,"283":1.336,"284":0.65,"285":1.129,"286":1.4,"287":1.443,"288":1.336,"289":1.386,"291":0.952,"294":1.488,"296":1.067,"297":1.145,"298":1.193,"299":1.327,"300":1.5,"301":1.266,"302":1.495,"303":1.079,"304":1.432,"306":0.927,"307":0.955,"308":0.969,"309":1.304,"310":1.379,"311":1.007,"313":1.146,"315":1.397,"316":1.447,"317":1.138,"318":1.175,"319":1.248,"320":0.691,"321":0.976,"324":1.397,"325":1.412,"327":0.728,"328":0.654,"329":1.074,"330":1.471,"331":1.344,"332":0.0,"333":0.612,"334":1.423,"335":1.5,"336":1.456,"338":1.298,"341":1.471,"342":1.424,"343":1.199,"344":1.241,"345":1.176,"346":1.493,"347":0.567,"348":1.43,"349":1.288,"350":1.169,"351":1.223,"352":0.824,"353":1.409,"354":1.21,"355":0.997,"356":1.169,"357":1.299,"358":0.212,"359":1.47,"362":1.082,"363":1.489,"364":1.054,"365":1.349,"366":0.746,"367":1.236,"368":0.854,"369":0.865,"370":1.284,"371":1.464,"372":1.301,"373":1.407,"374":1.495,"375":1.314,"376":1.337,"378":1.403,"379":1.352,"380":1.39,"381":1.249,"382":1.401,"383":1.174,"384":1.483,"385":1.049,"386":1.277,"387":1.101,"388":0.873,"389":0.176,"390":0.638,"391":0.948,"392":1.248,"393":1.199,"394":1.223,"395":1.416,"396":1.13,"397":1.468,"398":0.801,"399":1.283,"400":1.113,"402":0.937,"403":1.151,"404":1.069,"405":1.317,"406":1.251,"409":1.002,"410":0.907,"411":0.937,"412":1.033,"413":1.409,"414":1.304,"415":1.143,"416":0.98,"417":1.438,"418":0.741},"condition_name":{"0":"ffffffffffff","1":"ffffffffffff","2":"cccccccccccc","3":"ffffffffffff","4":"cccccccccccc","6":"cccccccccccc","7":"ffffffffffff","8":"cccccccccccc","9":"ffffffffffff","10":"cccccccccccc","11":"ffffffffffff","12":"cccccccccccc","13":"ffffffffffff","14":"cccccccccccc","16":"cccccccccccc","17":"ffffffffffff","18":"ffffffffffff","19":"ffffffffffff","20":"cccccccccccc","21":"cccccccccccc","22":"ffffffffffff","23":"cccccccccccc","25":"ffffffffffff","26":"cccccccccccc","27":"ffffffffffff","28":"ffffffffffff","29":"ffffffffffff","30":"ffffffffffff","31":"cccccccccccc","32":"cccccccccccc","33":"ffffffffffff","34":"ffffffffffff","35":"cccccccccccc","36":"ffffffffffff","38":"ffffffffffff","39":"ffffffffffff","40":"ffffffffffff","41":"cccccccccccc","42":"ffffffffffff","44":"ffffffffffff","45":"cccccccccccc","46":"ffffffffffff","47":"ffffffffffff","48":"cccccccccccc","49":"ffffffffffff","50":"ffffffffffff","51":"ffffffffffff","52":"cccccccccccc","53":"cccccccccccc","54":"ffffffffffff","55":"cccccccccccc","56":"ffffffffffff","57":"ffffffffffff","58":"cccccccccccc","59":"cccccccccccc","60":"ffffffffffff","61":"cccccccccccc","62":"cccccccccccc","63":"ffffffffffff","64":"ffffffffffff","65":"ffffffffffff","66":"ffffffffffff","68":"cccccccccccc","69":"cccccccccccc","70":"cccccccccccc","71":"cccccccccccc","72":"cccccccccccc","73":"ffffffffffff","74":"cccccccccccc","75":"cccccccccccc","76":"cccccccccccc","77":"ffffffffffff","78":"ffffffffffff","79":"ffffffffffff","80":"ffffffffffff","81":"ffffffffffff","82":"cccccccccccc","83":"cccccccccccc","84":"cccccccccccc","85":"ffffffffffff","86":"cccccccccccc","87":"cccccccccccc","88":"cccccccccccc","89":"ffffffffffff","91":"ffffffffffff","92":"cccccccccccc","93":"ffffffffffff","94":"ffffffffffff","95":"cccccccccccc","96":"ffffffffffff","97":"cccccccccccc","98":"ffffffffffff","99":"cccccccccccc","100":"ffffffffffff","101":"ffffffffffff","102":"cccccccccccc","103":"ffffffffffff","105":"ffffffffffff","106":"cccccccccccc","107":"ffffffffffff","108":"ffffffffffff","109":"cccccccccccc","110":"cccccccccccc","111":"cccccccccccc","112":"cccccccccccc","114":"ffffffffffff","115":"ffffffffffff","116":"cccccccccccc","117":"cccccccccccc","119":"cccccccccccc","120":"ffffffffffff","121":"ffffffffffff","122":"cccccccccccc","123":"ffffffffffff","124":"ffffffffffff","125":"ffffffffffff","126":"cccccccccccc","127":"cccccccccccc","128":"cccccccccccc","129":"cccccccccccc","130":"ffffffffffff","131":"cccccccccccc","132":"ffffffffffff","133":"cccccccccccc","134":"cccccccccccc","135":"ffffffffffff","136":"ffffffffffff","137":"cccccccccccc","138":"cccccccccccc","139":"ffffffffffff","140":"cccccccccccc","141":"cccccccccccc","142":"cccccccccccc","143":"cccccccccccc","144":"ffffffffffff","145":"ffffffffffff","146":"ffffffffffff","147":"ffffffffffff","148":"ffffffffffff","149":"cccccccccccc","150":"ffffffffffff","151":"ffffffffffff","152":"ffffffffffff","153":"ffffffffffff","154":"ffffffffffff","156":"cccccccccccc","157":"cccccccccccc","158":"cccccccccccc","159":"cccccccccccc","160":"ffffffffffff","161":"ffffffffffff","162":"cccccccccccc","163":"cccccccccccc","164":"ffffffffffff","165":"ffffffffffff","167":"ffffffffffff","168":"cccccccccccc","170":"ffffffffffff","171":"cccccccccccc","172":"cccccccccccc","173":"ffffffffffff","174":"ffffffffffff","175":"cccccccccccc","176":"cccccccccccc","177":"ffffffffffff","178":"ffffffffffff","179":"ffffffffffff","180":"cccccccccccc","181":"cccccccccccc","182":"cccccccccccc","183":"ffffffffffff","184":"cccccccccccc","185":"cccccccccccc","186":"cccccccccccc","187":"cccccccccccc","188":"ffffffffffff","189":"cccccccccccc","190":"cccccccccccc","192":"ffffffffffff","193":"cccccccccccc","194":"cccccccccccc","195":"ffffffffffff","196":"cccccccccccc","197":"cccccccccccc","198":"ffffffffffff","199":"ffffffffffff","200":"cccccccccccc","201":"ffffffffffff","202":"cccccccccccc","203":"ffffffffffff","204":"ffffffffffff","205":"ffffffffffff","206":"ffffffffffff","207":"ffffffffffff","208":"cccccccccccc","209":"ffffffffffff","210":"ffffffffffff","211":"ffffffffffff","212":"ffffffffffff","213":"cccccccccccc","214":"cccccccccccc","216":"cccccccccccc","217":"ffffffffffff","218":"ffffffffffff","219":"ffffffffffff","220":"cccccccccccc","221":"cccccccccccc","222":"ffffffffffff","223":"ffffffffffff","224":"cccccccccccc","225":"cccccccccccc","226":"ffffffffffff","227":"ffffffffffff","228":"ffffffffffff","229":"ffffffffffff","230":"cccccccccccc","231":"cccccccccccc","232":"cccccccccccc","233":"ffffffffffff","234":"ffffffffffff","235":"cccccccccccc","236":"cccccccccccc","237":"cccccccccccc","238":"cccccccccccc","239":"cccccccccccc","240":"ffffffffffff","241":"cccccccccccc","242":"ffffffffffff","244":"cccccccccccc","246":"ffffffffffff","247":"ffffffffffff","248":"cccccccccccc","250":"ffffffffffff","251":"cccccccccccc","252":"ffffffffffff","253":"ffffffffffff","255":"cccccccccccc","257":"ffffffffffff","258":"ffffffffffff","259":"cccccccccccc","260":"ffffffffffff","261":"cccccccccccc","262":"cccccccccccc","263":"cccccccccccc","264":"ffffffffffff","265":"cccccccccccc","266":"ffffffffffff","267":"cccccccccccc","268":"ffffffffffff","269":"cccccccccccc","270":"ffffffffffff","272":"ffffffffffff","273":"ffffffffffff","274":"cccccccccccc","275":"ffffffffffff","276":"ffffffffffff","278":"cccccccccccc","279":"cccccccccccc","281":"cccccccccccc","282":"cccccccccccc","283":"ffffffffffff","284":"cccccccccccc","285":"ffffffffffff","286":"cccccccccccc","287":"cccccccccccc","288":"ffffffffffff","289":"ffffffffffff","291":"ffffffffffff","294":"cccccccccccc","296":"cccccccccccc","297":"cccccccccccc","298":"ffffffffffff","299":"ffffffffffff","300":"ffffffffffff","301":"cccccccccccc","302":"cccccccccccc","303":"ffffffffffff","304":"cccccccccccc","306":"cccccccccccc","307":"ffffffffffff","308":"ffffffffffff","309":"cccccccccccc","310":"cccccccccccc","311":"cccccccccccc","313":"cccccccccccc","315":"ffffffffffff","316":"cccccccccccc","317":"cccccccccccc","318":"cccccccccccc","319":"ffffffffffff","320":"cccccccccccc","321":"cccccccccccc","324":"ffffffffffff","325":"cccccccccccc","327":"ffffffffffff","328":"cccccccccccc","329":"ffffffffffff","330":"ffffffffffff","331":"cccccccccccc","332":"ffffffffffff","333":"ffffffffffff","334":"cccccccccccc","335":"ffffffffffff","336":"cccccccccccc","338":"cccccccccccc","341":"cccccccccccc","342":"ffffffffffff","343":"ffffffffffff","344":"cccccccccccc","345":"ffffffffffff","346":"cccccccccccc","347":"ffffffffffff","348":"ffffffffffff","349":"cccccccccccc","350":"cccccccccccc","351":"ffffffffffff","352":"cccccccccccc","353":"ffffffffffff","354":"cccccccccccc","355":"cccccccccccc","356":"cccccccccccc","357":"ffffffffffff","358":"cccccccccccc","359":"ffffffffffff","362":"ffffffffffff","363":"cccccccccccc","364":"ffffffffffff","365":"cccccccccccc","366":"cccccccccccc","367":"cccccccccccc","368":"cccccccccccc","369":"ffffffffffff","370":"ffffffffffff","371":"ffffffffffff","372":"ffffffffffff","373":"ffffffffffff","374":"ffffffffffff","375":"cccccccccccc","376":"ffffffffffff","378":"cccccccccccc","379":"cccccccccccc","380":"ffffffffffff","381":"ffffffffffff","382":"cccccccccccc","383":"ffffffffffff","384":"cccccccccccc","385":"cccccccccccc","386":"ffffffffffff","387":"cccccccccccc","388":"ffffffffffff","389":"ffffffffffff","390":"ffffffffffff","391":"cccccccccccc","392":"cccccccccccc","393":"cccccccccccc","394":"cccccccccccc","395":"cccccccccccc","396":"cccccccccccc","397":"cccccccccccc","398":"cccccccccccc","399":"cccccccccccc","400":"cccccccccccc","402":"ffffffffffff","403":"ffffffffffff","404":"ffffffffffff","405":"cccccccccccc","406":"cccccccccccc","409":"ffffffffffff","410":"ffffffffffff","411":"ffffffffffff","412":"ffffffffffff","413":"ffffffffffff","414":"cccccccccccc","415":"cccccccccccc","416":"ffffffffffff","417":"cccccccccccc","418":"ffffffffffff"},"generalComments":{"0":"i hope i perfomed very well.","1":"I think I got better as I went along. It took me a few seconds to orient myself, then I could find my way through.","2":"I moved the wrong way sometimes, but I think I did okay. ","3":"i think i could of performed a little better in some of the rounds due to crashing into walls quite often","4":"Just as instructed in the fastest route, I think I only made an error once.","6":"I think i did okay and i do not think i made any mistakes, was quick to judge and navigate the best routes to get to the goal.","7":"none","8":"I didnt do too good","9":"i think i performed very well if not one of the best","10":"seemed to go well","11":"no","12":"Fairly well - but I forgot about the green dot going if i stopped a couple of times!","13":"my hand hurts","14":"Quite well, but I made mistakes in a few rounds and one time I lost the entire square. I'd score myself 7.5\/10.\n\n\n\n","16":"i looked for a path while playing the game","17":"Think I messed up on a couple of occasions making a couple of extra moves","18":"No","19":"Pretty well","20":"I think it did well, it was not too difficult.","21":"None","22":"Got better as went on. ","23":"I think i done quite well","25":"Went well","26":"i think i done okay","27":"no","28":"A couple times I mixed up the role of the blue and yellow parts. I would be trying to move the yellow piece and then when I realized it wasn't working, I would stop and try to correct it which would make me run out of time and the green block would disappear. ","29":"Thought I performed fairly will but a couple of nil scores when i missed the arrow keys","30":"ok i guess","31":"The yellow stops flashing and it makes me nervous as I think I will loose points because I have not reached it in times.  But otherwise, very enjoyable game to play.","32":"I thought I did pretty well.","33":"No","34":"Above average","35":"Often began moving very quickly at the start, before assessing the layout and choosing the shortest path, even though I knew the green square didn't shrink until I started moving. Noticed some shortcuts via broken blue after committing to longer white paths.","36":"I think I only messed up once","38":"Well most of the time\n","39":"studied the map before I made my move","40":"i tried to get the shortest distance to the goal","41":"I think I did ok, the green square maintained on all goes except one go","42":"I think I did pretty well!","44":"WAS EASIER AS IT PROGRESSED","45":"I think my performance was quite adequate","46":"Think i did decent","47":"no","48":"-","49":"Since the green goal didn't start shrinking until I made my first move, I tried to determine my path first before I started heading toward the goal.","50":"bad at first!","51":"good","52":"I tended to take the clearest looking route even if it was sometimes longer.","53":"Not really","54":"None","55":"It was hard to move and not stay still when trying to work out which was to go","56":"No.","57":"interesting task","58":"Just analysed the grid before moving to determine the optimal path. Made a couple of silly mistakes when I thought the green dot was the start.","59":"No","60":"Tried to assess the shortest path while keeping myself constantly moving.","61":"I can already play this game very proficiently","62":"Worse than I thought I would","63":"once i got the hang of it i think i did quite well ","64":"Ok? Couple hiccups at the start!","65":"Average","66":"nothing to add","68":"I think I did ok, i didnt take the most optimal paths most of the time","69":"I think I did ok, for a few mazes I probably took the long way round but it was the route I spotted the quickest and I knew I had to move fast.","70":"No.","71":"I thought it was fun","72":"It was fun","73":"no","74":"I just tried to avoid the coloured squares in general.","75":"i just tried to get moving as fast as i could and looked for shorter paths while i was already going","76":"the times i didn't try to plan ahead was the times i needed to lol","77":"average at best","78":"I think I did OK. At one point I bumped into the wall a few times because I confused the start with the end. Otherwise I don't think my routes were too inefficient.","79":"I tried to look for the shortest path, and took account of where the light blue squares were to give the most direct route. Once I had a route planned I tried to move as quickly as possible following that route, which probably meant a few unintentional collisions.","80":"I think I did OK","81":"no","82":"It was fun.  In order not to lose the green square I ended up mainly sticking to the white squares as this meant I could move more quickly","83":"i think i did excellent","84":"Once or twice I mixed up the blue dot and green square, so moved in the wrong direction at the start of the maze","85":"i looked for the path I needed to take before moving and then I moved as quickly as I could when I saw the path","86":"No :)","87":"I think i did ok apart from one round","88":"mostly i hope ok, though did have the odd brain freeze where for some reason i tried to move the green dot rather than the blue.  probably didn't use the broken blue boxes as much as I could","89":"I feel like I was probably slower than most people. That said, I think I got to the square before it disappeared on nearly all of the occasions, so I don't think it was a disaster by any means. 6\/10 could do better, so to speak.  ","91":"no. I think I did ok.","92":"I think I did well on some tasks","93":"Just planned in advance","94":"I waited a little too long on some and the green square went away.","95":"N\/A","96":"I have done my best.","97":"most were right but forgot the blue circle sometimes","98":"I think I did well.","99":"i think i did alright","100":"i think i did badly at the start but as i got used to it i performed better","101":"I planned the route backwards before starting","102":"I did ok but not perfect.","103":"At first, I think I was less efficient with how I performed the task since I started moving immediately without properly choosing a route, but then after remembering the rules, I thought that it would be better to plan the fastest route before moving. ","105":"I think I did okay, I felt time pressure to start moving and complete the task! I didn't always forward plan and choose the best way","106":"I think I did pretty well.","107":"N\/A","108":"Average I would think","109":"no","110":"I tried to find the quickest route before I set off.","111":"I thought I performed really well","112":"I think I could have done better ","114":"I think I performed this task relatively well","115":"pretty well","116":"No","117":"I messed one up, where for some reason I thought I was starting with the green dot... one or two others a misclick moved me a square too far","119":"some were easier than others, i think is was average","120":"50:50","121":"Avoided standing still for long whilst still trying to plan my route.","122":"Sometimes confused blue dot and green square (starting position was off so was moving into wall accidentally). Besides that fairly well.","123":"When I worked out where to go first I did much better than just going straight away.","124":"The rate of shrinkage seems to vary between tasks ..","125":"Pretty poor really","126":"nope","127":"I have performed well so far","128":"I looked for a path to the goal first before starting","129":"The one task that the green square disappeared, my cat jumped on the desk","130":"I think I performed okay on the whole, however I occasionally forgot I was tracking the blue dot and so hit walls","131":"Safe and didnt take risks","132":"The only time I struggled is when I tried to move the yellow and green box instead of the blue dot.","133":"No","134":"I think i did pretty all right, i bumped into things a few times","135":"Felt I performed it well","136":"i think i performed ok unless i misunderstood","137":"ok","138":"I think I did ok","139":"Pretty good!","140":"Just went with my gut","141":"I think I did ok except in one round I overshot the square I should have taken by one square, and in another round I mistook the start and end points and so my first couple of presses didn't move the dot as I was pressing completely the wrong direction!  But in general I think my paths were pretty efficient","142":"Moderatley well","143":"Just did a quick scan to see what I thought would be the fastest route. I did forget a couple of times that the blue mark was the start and not the finish.","144":"I think I did quite well. I always seemed to reach the goal and reasonably quickly","145":"pretty well.","146":"I thought I did pretty well and was only penalised when I pressed the wrong button by mistake","147":"Before starting I would plan my path to the yellow square.","148":"Could have done better","149":"I feel like I did fairly well. I only lost the green square once.","150":"Overall fairly well.","151":"Sometimes I pressed the wrong arrow mistakenly ","152":"no","153":"no it was pretty easy","154":"Ok, I think","156":"I think I took a while to remember that I could plan my route without moving.","157":"I think I did OK","158":"think I did below average ","159":"I think I did quite well","160":"i think i would have done better if my keyboard arrow keys were better or if your software was a little bit more forgiving in determining that i was trying to hit my key that did not always respond to a press and your system determined it was standing still.  instead of using moving\/still, why not just count up the total number of moves in a successful navigation and bonus based on least number of moves needed since cheap\/used keyboards might not always register key presses.\n","161":"I think I did pretty well!","162":"I think I did ok, it was fun","163":"i thought i did ok could have been better","164":"took easiest route","165":"Seemed to go pretty smoothly. Thanks for the fun study","167":"Poorly","168":"try and look at the obstacles and see which ones i could get past without losing points","170":"I generally tried to map out which path would be a good choice to take as I move toward the goal while also taking notice of unpassable obstacles.","171":"I think I performed well as I didn't lose the green square on any of the rounds.","172":"Could have done better.","173":"Nope.","174":"very interesting","175":"Felt like i did well","176":"Reasonably well, I think","177":"Easy to understand task","178":"I feel like I performed well and probably scored a very high score","179":"I took a brief moment to look for my path before starting.","180":"I think I did pretty well overall","181":"i think i did ok worked out route before starting","182":"I'd try to plan a path before moving at the start.","183":"i thought i did as good as it was possible for me to do","184":"no","185":"i think i did \"okay\"","186":"great","187":"i made some silly mistakes","188":"I think I did okay however there were a few rounds where I mistook the end goal as the starting point and so did some misclicks. ","189":"I think I did ok.","190":"ok","192":"I tried to find a route before I started moving","193":"Plotted my route before making my first move. Unfortunately misread how far the lighter blues went in a section on one of them and didn't get back on track before the green had disappeared.","194":"think i did ok ","195":"Pretty well, I thought","196":"only messed up once ","197":"I picked routes that seemed to need the least number of moves while avoiding even the broken blue tiles as much as possible.","198":"Thought I did OK","199":"Easier to think where you were going before you start","200":"I found it tricky.","201":"Did ok I think.","202":"I think I did very well!","203":"no","204":"no","205":"the first few tries were confusing but then i did well","206":"No comments","207":"I think I did okay, I did make a few mistakes","208":"i think i did well","209":"A few mistakes but not too bad","210":"In the first few rounds I'd panick slightly and think I was controlling the yellow square, even though rationally I knew that wasn't the case. I got better as it went on.","211":"just looked and planned my route before moving","212":"sometimes I was looking at the end point not the start and pressed the wrong arrow","213":"It was fairly straightforward once you have a route planned","214":"I think i got better as the task went on, at first i avoided all the blues and tried to do the maze following the route and half way i decided to plan my route before hand using the lighter blue breaks to maximise profits","216":"I tried to identify a suitable path that would not incur any penalties before moving the counter.","217":"This was a fun and engaging task.","218":"quite well","219":"I was okay I think","220":"I think I performed well, I didn't hit any obstacles and tried to take the shortest route when I could spot one ","221":"Not really, I think you should have made it clear that speed was important","222":"think did ok ish","223":"I'm sure once the green box disappeared even though I had barely taken any moves and didn't hit anything","224":"looked for the broken pieces to get a shortcut","225":"I think I wasn't very good at it. It was stressful!","226":"Everything worked well.","227":"WAS SLOW TO START SO GREEN DOT OFTEN DISAPPEARED AS I WAS TRYING TO WORK OUT ROUTE BEFORE MOVING.  I TRIED TO AMEND THIS AS IT WENT ON.","228":"I always tried to pick a route before moving at all","229":"thought i did pretty well","230":"Ok overall","231":"Fairly well","232":"very good","233":"Think I did well","234":"I had to think a bit at first, but once i had a plan and a route it was ok.","235":"I think I did well","236":"I picked out my route before moving at all.","237":"It was fun","238":"got harder as went along as eyes went funny with grid","239":"I took my time to see a viable path then started.","240":"no","241":"no","242":"I really enjoyed this task ","244":"Not really. I tried to figure out the quickest route with the lease amount of turns","246":"no","247":"A couple of silly errors when I went into walls","248":"I feel like I performed quite well.","250":"i got quicker throughout the task and more confident as i went along.","251":"I think I did really well since I didn't bump into anything.","252":"average","253":"I think I did well","255":"compared the shortest path without broken tiles to the shortest using broken tiles and chose the overall shortest path.","257":"I think I did well on a few but missed a few as I couldn't find a way through quick enough.","258":"A couple of times I accidentally saw myself as the yellow square and began in the wrong direction which made the green square disappear. However, my tactic of choosing my route before moving worked well.","259":"average","260":"I feel I did well however struggled initially on some levels.","261":"felt like I was under pressure, especially with the green dot shrinking.","262":"Looked for the shortest route","263":"I think I did okay and got to the goal every time. ","264":"tried to find the right route as quickly as possible by spending a quick second to scan for light blue patches I could pass through","265":"I tried to avoid any coloured squares unless I had to, and concentrated on speed","266":"I performed excellently","267":"I learned right away not to start moving until I really knew where the blue ball was for that round.  I just tried to keep moving and avoid bumping into things. ","268":"It was fun and it felt like I got better with practice!","269":"Not really.   Took a few attempts to get the hang of it.  Basically, start moving immediately while looking at where one needs to be","270":"The task was fun and easy to understand. I felt that I performed reasonably well.","272":"Okay","273":"no","274":"i think i did pretty well on the task given to me","275":"I think I performed quite well, it was a fun game.","276":"I thought I'd be worse at it","278":"I believe that I performed fairly well.","279":"no","281":"I tried moving quickly once a round began and looked for the clearest path. ","282":"I think I did well but I was to worried about bumping into the wrong color box. ","283":"focused on the wrong part of the screen for one of them","284":"I looked for a straightforward way around the blocks and followed it.","285":"I looked for the two light blocks ","286":"I assessed each puzzle to plan a route, I moved as quickly as I could but concentrated on not making any mistakes","287":"I think I did pretty well, although I got confused on one and bumped into the wall quite a few times.","288":"no","289":"N\/a","291":"think I did ok. I looked for how I would get to square before I started","294":"pretty well","296":"no","297":"mostly o.k. Lost concentration towards the end ","298":"I think I performed okay, few shrinked sadly ","299":"I think i performed well","300":"Looked for the shortest route through the light blue that I could think of","301":"I tried to always look for the shortest route and then just not stop.","302":"I think i did very well on this task.","303":"Not too bad, getting old so not that quick.","304":"none","306":"I tried to stake a path before I made my first move.","307":"I think i got better at this over time. ","308":"fairly well ","309":"okay, sometimes took suboptimal routes","310":"Seemed to do ok - took me a few goes to work out I could work out my route without the square disappearing, by just not moving the blue dot.","311":"poorly\n","313":"I thought I preformed ok.  Went as fast as I could.","315":"Fairly well.","316":"I think I did pretty good as I would look for the light blue spaces to move through for short cuts before moving the blue dot.","317":"not really - it took a little while to get used it how fast it all moved and the lack of feedback","318":"I enjoyed the task. ","319":"I quickly learnt to plan my route and watch out when to stop before I hit a barrier. this made me quicker","320":"i got better with practice but should spend more time thinking in advance","321":"Very well","324":"Pretty good I think","325":"I wanted to know how quickly the green circle would disappear, which caused me to accidentally make it do so one time. \n\nI wasn't concerned about taking the shortest route, unless there was an obvious shortcut through broken obstacles.","327":"No not really.","328":"I think I might have performed poorly","329":"I enjoyed this, i think i did quite well","330":"I did great and it was fun to do.","331":"On the round where the green dot vanished I suddently was confused and was trying to move the green dot which I quickly realised my mistake but not in time.","332":"I worked out a route before I started moving, and just tried to keep moving; sometimes going further than needed across a row, and then going back on myself, just so I carried on moving.","333":"I probably should have plotted the course out more before I started to move. I did very badly. ","334":"i think i did well","335":"I messed up a couple times but overall a good job","336":"I tried to plot out my route before moving, than simply executed.  I slowed down in any area where I risked bumping into something or when I turned, otherwise, mashed to the goal.","338":"No","341":"no","342":"i think I did well\n","343":"no","344":"I tried to take the most direct route possible, and whenever I saw the broken pieces that could be used as shortcuts I made sure to use them. I also made sure to count my keystrokes leading towards the walls.","345":"no","346":"I think I've done well","347":"i did my best","348":"no","349":"none","350":"i think i did ok","351":"I think I performed well on most of the trials","352":"no","353":"No comments","354":"Nah - it was fun tho ","355":"no","356":"I think that I did okay, but I improved once I started to count the squares so that I did not bump into any barriers.","357":"no, Just looked for a path and went for it","358":"Thank you for the task!","359":"i THINK i DID QUITE WELL","362":"Fairly well.","363":"I think I performed well, only saw a couple of mistakes but in general think that I did about as good as I possibly could have. Found the mazes to be quite easy and honestly hoped there would be some really difficult ones in there for a challenge.","364":"I tried to figure out how best to get to the target BEFORE I started to move, so I would have the most time to get their before the green disappeared,","365":"no","366":"bad start but got better","367":"I believe I did well on the task. ","368":"I just tried to find the easiest and fastest way to get to the green square.","369":"I think I did quite well.","370":"it was more fun than I expected it to be.","371":"Think I did pretty well","372":"I think I performed quite well on the task.","373":"not really, no","374":"Thought I did well. Looked for a route before beginning each time","375":"No comments, thank you. I thought I did relatively well.","376":"I found it a lot easier once I realised I could take some time to plan my route before starting.","378":"Fairly well for the most part, except for one round where I confused the yellow & green square with the blue one, and wondered why I wasn't moving when I pressed the keys, but I realised my mistake eventually.","379":"I think I did pretty okay","380":"I didn't bump into any walls","381":"None","382":"I don't think I used the quickest route every time but didn't miss the green square","383":"generally quite well, a few mis-clicks were made however which slowed my times","384":"None.","385":"Enjoyable game.","386":"Improved after first few tries","387":"Plannning my routes thoroughly is useful","388":"I waited, figured out the route, then tried to move without too much delay. I was only partially successful with this strategy.","389":"Rubbish, it took me a while to figure out how to get the green square back.","390":"IT WAS QUITE EASY","391":"no","392":"better than average","393":"none","394":"Probably quite rubbish as I'm not very good with the arrow keys.","395":"The starting position flipped and I bumped into the wall multiple times until I realised where I was. There wasn't many alternative routes with only one path to the goal.","396":"I tried to plot a path before I started and aimed to only use a couple of the keys to complete the maze.","397":"If a route using pale blue spaces looked a lot quicker than avoiding them I used it. I thought about my route before starting the game. ","398":"I didn't do very well did I? Initially I thought I could just press and hold until I needed to change direction but it soon became clear that each square was a move and since the green square kept disappearing through through my experimentation, I was sure I had to quickly and repeatedly move to the goal.  Unfortunately I'm not so dexterous and do not play video games but with a little practice (and a sore wrist) I'm sure I'd get there.","399":"It was fun","400":"Think I need to be faster and stop to think before I go more often!","402":"I think I preformed well in most but messed up a few ","403":"I thought I did alright on the task","404":"No, was fun","405":"No","406":"I lokedfor the way with the least steps and made sure I had it right before starting. ","409":"I learnt some techniques as I progressed.","410":"no.","411":"I know in some, I could have used less blocks to make the moves","412":"n\/a","413":"I thought I did well","414":"no","415":"I think I did OK.","416":"Average i think","417":"I looked for the shortest path from start to end before moving.","418":"I think i preformed ok"},"greenSquareThink":{"0":true,"1":true,"2":true,"3":true,"4":true,"6":true,"7":true,"8":false,"9":false,"10":false,"11":false,"12":true,"13":true,"14":true,"16":true,"17":true,"18":true,"19":true,"20":true,"21":true,"22":true,"23":false,"25":false,"26":true,"27":true,"28":true,"29":false,"30":true,"31":true,"32":true,"33":true,"34":true,"35":false,"36":true,"38":true,"39":false,"40":true,"41":true,"42":true,"44":true,"45":true,"46":true,"47":true,"48":false,"49":false,"50":false,"51":true,"52":true,"53":true,"54":true,"55":true,"56":true,"57":true,"58":false,"59":true,"60":true,"61":true,"62":true,"63":false,"64":true,"65":true,"66":true,"68":false,"69":true,"70":true,"71":false,"72":true,"73":true,"74":false,"75":true,"76":true,"77":true,"78":true,"79":false,"80":true,"81":true,"82":true,"83":false,"84":true,"85":false,"86":true,"87":true,"88":true,"89":false,"91":true,"92":true,"93":true,"94":true,"95":true,"96":false,"97":true,"98":false,"99":true,"100":true,"101":true,"102":true,"103":true,"105":true,"106":false,"107":true,"108":true,"109":true,"110":true,"111":true,"112":true,"114":true,"115":false,"116":true,"117":false,"119":true,"120":true,"121":false,"122":true,"123":true,"124":true,"125":false,"126":true,"127":true,"128":true,"129":true,"130":true,"131":false,"132":true,"133":true,"134":false,"135":true,"136":true,"137":true,"138":true,"139":true,"140":true,"141":true,"142":false,"143":true,"144":true,"145":false,"146":false,"147":true,"148":true,"149":true,"150":false,"151":true,"152":true,"153":true,"154":false,"156":true,"157":false,"158":true,"159":true,"160":false,"161":false,"162":true,"163":true,"164":true,"165":true,"167":true,"168":true,"170":true,"171":true,"172":true,"173":true,"174":true,"175":true,"176":false,"177":true,"178":false,"179":true,"180":true,"181":true,"182":true,"183":true,"184":true,"185":true,"186":false,"187":true,"188":true,"189":false,"190":true,"192":true,"193":false,"194":true,"195":true,"196":true,"197":true,"198":false,"199":true,"200":true,"201":false,"202":true,"203":false,"204":true,"205":true,"206":true,"207":true,"208":false,"209":true,"210":true,"211":false,"212":true,"213":true,"214":false,"216":false,"217":true,"218":false,"219":true,"220":true,"221":true,"222":true,"223":false,"224":false,"225":true,"226":true,"227":false,"228":true,"229":true,"230":true,"231":false,"232":true,"233":true,"234":true,"235":true,"236":true,"237":false,"238":false,"239":true,"240":true,"241":true,"242":true,"244":true,"246":true,"247":true,"248":true,"250":true,"251":true,"252":false,"253":false,"255":false,"257":true,"258":true,"259":false,"260":true,"261":true,"262":true,"263":true,"264":false,"265":true,"266":true,"267":true,"268":true,"269":true,"270":true,"272":true,"273":true,"274":false,"275":true,"276":false,"278":true,"279":false,"281":true,"282":true,"283":true,"284":false,"285":true,"286":false,"287":false,"288":false,"289":true,"291":true,"294":true,"296":true,"297":false,"298":true,"299":false,"300":false,"301":true,"302":true,"303":false,"304":false,"306":true,"307":false,"308":false,"309":true,"310":true,"311":true,"313":true,"315":false,"316":false,"317":true,"318":true,"319":false,"320":false,"321":true,"324":true,"325":true,"327":false,"328":false,"329":true,"330":true,"331":true,"332":true,"333":true,"334":false,"335":false,"336":true,"338":true,"341":true,"342":false,"343":false,"344":false,"345":true,"346":false,"347":true,"348":false,"349":true,"350":true,"351":true,"352":true,"353":true,"354":true,"355":true,"356":false,"357":true,"358":true,"359":true,"362":true,"363":true,"364":true,"365":true,"366":true,"367":true,"368":true,"369":false,"370":true,"371":true,"372":true,"373":false,"374":false,"375":true,"376":true,"378":true,"379":true,"380":false,"381":true,"382":true,"383":false,"384":true,"385":true,"386":true,"387":true,"388":true,"389":true,"390":true,"391":true,"392":true,"393":false,"394":true,"395":false,"396":true,"397":true,"398":true,"399":true,"400":true,"402":true,"403":true,"404":true,"405":true,"406":false,"409":true,"410":true,"411":true,"412":false,"413":false,"414":false,"415":true,"416":true,"417":true,"418":true},"winPointsThink":{"0":true,"1":false,"2":true,"3":true,"4":true,"6":true,"7":true,"8":true,"9":true,"10":true,"11":true,"12":true,"13":true,"14":true,"16":false,"17":true,"18":true,"19":true,"20":true,"21":false,"22":false,"23":false,"25":false,"26":true,"27":true,"28":true,"29":false,"30":true,"31":true,"32":true,"33":false,"34":true,"35":true,"36":false,"38":true,"39":true,"40":true,"41":true,"42":true,"44":true,"45":true,"46":true,"47":true,"48":true,"49":true,"50":true,"51":false,"52":true,"53":false,"54":true,"55":true,"56":true,"57":true,"58":true,"59":true,"60":true,"61":true,"62":true,"63":true,"64":true,"65":true,"66":true,"68":false,"69":true,"70":true,"71":true,"72":true,"73":true,"74":true,"75":true,"76":true,"77":true,"78":true,"79":true,"80":true,"81":true,"82":true,"83":true,"84":true,"85":false,"86":true,"87":false,"88":true,"89":true,"91":true,"92":true,"93":true,"94":true,"95":true,"96":false,"97":true,"98":false,"99":true,"100":true,"101":true,"102":true,"103":false,"105":true,"106":true,"107":true,"108":true,"109":true,"110":true,"111":true,"112":false,"114":true,"115":true,"116":false,"117":true,"119":false,"120":true,"121":true,"122":true,"123":true,"124":true,"125":true,"126":false,"127":true,"128":true,"129":true,"130":true,"131":true,"132":true,"133":true,"134":true,"135":true,"136":true,"137":true,"138":true,"139":true,"140":true,"141":true,"142":true,"143":true,"144":true,"145":true,"146":false,"147":true,"148":true,"149":true,"150":false,"151":false,"152":true,"153":true,"154":true,"156":false,"157":true,"158":true,"159":true,"160":true,"161":true,"162":false,"163":true,"164":true,"165":true,"167":true,"168":true,"170":true,"171":false,"172":true,"173":true,"174":true,"175":true,"176":false,"177":false,"178":true,"179":true,"180":true,"181":true,"182":true,"183":false,"184":true,"185":true,"186":true,"187":true,"188":true,"189":true,"190":true,"192":true,"193":true,"194":true,"195":true,"196":true,"197":true,"198":true,"199":true,"200":true,"201":true,"202":true,"203":true,"204":true,"205":true,"206":true,"207":true,"208":true,"209":true,"210":true,"211":false,"212":true,"213":true,"214":false,"216":false,"217":true,"218":true,"219":false,"220":true,"221":true,"222":true,"223":true,"224":true,"225":true,"226":true,"227":false,"228":true,"229":true,"230":true,"231":true,"232":true,"233":true,"234":true,"235":true,"236":true,"237":false,"238":false,"239":true,"240":true,"241":true,"242":true,"244":false,"246":false,"247":true,"248":true,"250":true,"251":true,"252":true,"253":true,"255":false,"257":false,"258":false,"259":true,"260":true,"261":true,"262":true,"263":true,"264":false,"265":true,"266":true,"267":true,"268":true,"269":true,"270":true,"272":true,"273":false,"274":true,"275":true,"276":true,"278":true,"279":true,"281":true,"282":true,"283":true,"284":true,"285":true,"286":true,"287":true,"288":true,"289":true,"291":true,"294":false,"296":true,"297":false,"298":true,"299":false,"300":true,"301":true,"302":true,"303":true,"304":false,"306":true,"307":true,"308":true,"309":true,"310":true,"311":true,"313":false,"315":true,"316":false,"317":false,"318":true,"319":false,"320":true,"321":true,"324":true,"325":true,"327":true,"328":true,"329":false,"330":true,"331":false,"332":true,"333":false,"334":true,"335":true,"336":true,"338":true,"341":false,"342":true,"343":true,"344":true,"345":true,"346":true,"347":false,"348":false,"349":true,"350":true,"351":true,"352":false,"353":false,"354":false,"355":true,"356":true,"357":true,"358":true,"359":true,"362":true,"363":true,"364":true,"365":true,"366":true,"367":true,"368":true,"369":true,"370":false,"371":true,"372":true,"373":true,"374":false,"375":true,"376":true,"378":true,"379":true,"380":true,"381":true,"382":true,"383":true,"384":true,"385":true,"386":true,"387":true,"388":true,"389":false,"390":true,"391":true,"392":true,"393":true,"394":false,"395":false,"396":true,"397":true,"398":true,"399":true,"400":true,"402":true,"403":true,"404":true,"405":true,"406":true,"409":false,"410":true,"411":true,"412":true,"413":true,"414":true,"415":false,"416":true,"417":true,"418":true},"brokenBlocksThink":{"0":true,"1":true,"2":true,"3":true,"4":true,"6":true,"7":true,"8":true,"9":true,"10":true,"11":true,"12":true,"13":true,"14":true,"16":true,"17":true,"18":true,"19":true,"20":true,"21":true,"22":true,"23":true,"25":true,"26":true,"27":true,"28":true,"29":true,"30":true,"31":true,"32":true,"33":true,"34":true,"35":true,"36":true,"38":true,"39":false,"40":true,"41":true,"42":true,"44":true,"45":true,"46":true,"47":true,"48":true,"49":true,"50":true,"51":true,"52":true,"53":true,"54":true,"55":true,"56":true,"57":true,"58":true,"59":false,"60":true,"61":true,"62":true,"63":true,"64":true,"65":true,"66":true,"68":true,"69":true,"70":true,"71":true,"72":true,"73":true,"74":false,"75":true,"76":true,"77":true,"78":true,"79":true,"80":true,"81":true,"82":true,"83":true,"84":true,"85":true,"86":true,"87":true,"88":true,"89":true,"91":true,"92":true,"93":true,"94":true,"95":true,"96":true,"97":false,"98":true,"99":false,"100":true,"101":true,"102":true,"103":true,"105":true,"106":true,"107":true,"108":true,"109":true,"110":true,"111":true,"112":true,"114":true,"115":true,"116":true,"117":true,"119":false,"120":true,"121":true,"122":true,"123":true,"124":true,"125":true,"126":true,"127":true,"128":true,"129":true,"130":true,"131":false,"132":true,"133":true,"134":true,"135":true,"136":true,"137":true,"138":true,"139":true,"140":true,"141":true,"142":true,"143":true,"144":true,"145":true,"146":true,"147":true,"148":true,"149":true,"150":false,"151":true,"152":true,"153":true,"154":true,"156":true,"157":true,"158":true,"159":true,"160":true,"161":true,"162":false,"163":true,"164":true,"165":true,"167":true,"168":true,"170":true,"171":true,"172":true,"173":true,"174":true,"175":true,"176":true,"177":true,"178":true,"179":true,"180":true,"181":true,"182":true,"183":true,"184":true,"185":true,"186":true,"187":true,"188":true,"189":true,"190":true,"192":true,"193":true,"194":true,"195":true,"196":true,"197":true,"198":true,"199":true,"200":true,"201":true,"202":true,"203":true,"204":true,"205":true,"206":true,"207":true,"208":true,"209":true,"210":true,"211":true,"212":true,"213":true,"214":true,"216":true,"217":true,"218":true,"219":true,"220":true,"221":true,"222":true,"223":true,"224":true,"225":false,"226":true,"227":true,"228":true,"229":true,"230":true,"231":true,"232":true,"233":true,"234":true,"235":true,"236":true,"237":false,"238":true,"239":true,"240":true,"241":true,"242":true,"244":true,"246":true,"247":true,"248":true,"250":true,"251":true,"252":true,"253":true,"255":true,"257":true,"258":true,"259":true,"260":true,"261":true,"262":true,"263":true,"264":true,"265":true,"266":true,"267":true,"268":true,"269":false,"270":true,"272":true,"273":true,"274":true,"275":true,"276":true,"278":true,"279":true,"281":false,"282":true,"283":true,"284":false,"285":true,"286":true,"287":true,"288":true,"289":true,"291":true,"294":true,"296":true,"297":true,"298":true,"299":true,"300":true,"301":true,"302":true,"303":true,"304":true,"306":true,"307":true,"308":true,"309":true,"310":true,"311":true,"313":false,"315":true,"316":true,"317":true,"318":true,"319":true,"320":false,"321":true,"324":true,"325":true,"327":true,"328":false,"329":true,"330":true,"331":true,"332":true,"333":true,"334":false,"335":true,"336":true,"338":true,"341":true,"342":false,"343":true,"344":true,"345":true,"346":true,"347":true,"348":true,"349":true,"350":true,"351":true,"352":true,"353":true,"354":true,"355":true,"356":false,"357":true,"358":false,"359":true,"362":true,"363":true,"364":true,"365":true,"366":true,"367":true,"368":true,"369":true,"370":true,"371":true,"372":true,"373":true,"374":true,"375":true,"376":true,"378":true,"379":true,"380":true,"381":true,"382":true,"383":true,"384":true,"385":true,"386":true,"387":true,"388":true,"389":true,"390":true,"391":false,"392":true,"393":true,"394":true,"395":true,"396":true,"397":true,"398":true,"399":true,"400":true,"402":true,"403":true,"404":true,"405":false,"406":true,"409":true,"410":true,"411":true,"412":true,"413":true,"414":true,"415":true,"416":true,"417":true,"418":true},"age":{"0":"27","1":"31","2":"23","3":"50","4":"37","6":"34","7":"34","8":"25","9":"56","10":"45","11":"28","12":"56","13":"25","14":"36","16":"38","17":"51","18":"28","19":"25","20":"25","21":"36","22":"57","23":"20","25":"45","26":"31","27":"20","28":"26","29":"57","30":"43","31":"32","32":"45","33":"25","34":"34","35":"31","36":"20","38":"51","39":"29","40":"42","41":"33","42":"30","44":"51","45":"29","46":"23","47":"75","48":"18","49":"48","50":"41","51":"36","52":"54","53":"46","54":"37","55":"50","56":"35","57":"49","58":"49","59":"34","60":"41","61":"42","62":"45","63":"29","64":"43","65":"55","66":"41","68":"18","69":"31","70":"49","71":"31","72":"44","73":"41","74":"50","75":"34","76":"37","77":"21","78":"35","79":"47","80":"40","81":"26","82":"55","83":"36","84":"35","85":"28","86":"35","87":"43","88":"61","89":"32","91":"45","92":"22","93":"42","94":"29","95":"33","96":"34","97":"74","98":"47","99":"33","100":"21","101":"48","102":"65","103":"21","105":"33","106":"26","107":"44","108":"58","109":"22","110":"45","111":"27","112":"37","114":"26","115":"49","116":"33","117":"42","119":"52","120":"32","121":"35","122":"24","123":"48","124":"55","125":"62","126":"28","127":"26","128":"24","129":"40","130":"21","131":"21","132":"28","133":"28","134":"30","135":"37","136":"47","137":"34","138":"32","139":"43","140":"55","141":"41","142":"37","143":"27","144":"50","145":"18","146":"49","147":"44","148":"32","149":"27","150":"41","151":"43","152":"37","153":"31","154":"50","156":"36","157":"58","158":"26","159":"42","160":"50","161":"40","162":"34","163":"40","164":"56","165":"39","167":"47","168":"52","170":"29","171":"24","172":"40","173":"24","174":"44","175":"42","176":"62","177":"22","178":"29","179":"29","180":"30","181":"57","182":"32","183":"57","184":"18","185":"42","186":"42","187":"19","188":"34","189":"31","190":"36","192":"29","193":"44","194":"37","195":"42","196":"23","197":"22","198":"66","199":"27","200":"60","201":"57","202":"47","203":"46","204":"49","205":"27","206":"31","207":"32","208":"34","209":"52","210":"32","211":"35","212":"29","213":"24","214":"45","216":"42","217":"37","218":"35","219":"30","220":"25","221":"56","222":"55","223":"40","224":"36","225":"54","226":"29","227":"54","228":"30","229":"20","230":"28","231":"24","232":"60","233":"30","234":"35","235":"20","236":"39","237":"36","238":"40","239":"27","240":"51","241":"35","242":"41","244":"55","246":"51","247":"37","248":"34","250":"28","251":"29","252":"40","253":"30","255":"22","257":"38","258":"18","259":"55","260":"21","261":"35","262":"49","263":"34","264":"20","265":"57","266":"28","267":"54","268":"37","269":"65","270":"50","272":"21","273":"61","274":"26","275":"45","276":"44","278":"26","279":"29","281":"20","282":"46","283":"19","284":"62","285":"47","286":"37","287":"19","288":"42","289":"29","291":"58","294":"50","296":"32","297":"34","298":"27","299":"32","300":"28","301":"35","302":"19","303":"51","304":"42","306":"41","307":"43","308":"26","309":"23","310":"41","311":"27","313":"46","315":"26","316":"35","317":"38","318":"45","319":"44","320":"46","321":"32","324":"30","325":"33","327":"47","328":"71","329":"35","330":"32","331":"49","332":"57","333":"53","334":"33","335":"40","336":"36","338":"42","341":"25","342":"20","343":"30","344":"23","345":"40","346":"43","347":"34","348":"32","349":"21","350":"37","351":"26","352":"54","353":"28","354":"27","355":"25","356":"47","357":"39","358":"30","359":"26","362":"34","363":"33","364":"57","365":"35","366":"31","367":"32","368":"44","369":"59","370":"41","371":"50","372":"43","373":"50","374":"33","375":"28","376":"54","378":"49","379":"37","380":"54","381":"29","382":"29","383":"22","384":"28","385":"37","386":"33","387":"32","388":"56","389":"53","390":"39","391":"39","392":"32","393":"38","394":"57","395":"31","396":"47","397":"29","398":"49","399":"59","400":"37","402":"54","403":"27","404":"33","405":"35","406":"46","409":"45","410":"33","411":"25","412":"38","413":"25","414":"39","415":"39","416":"35","417":"36","418":"35"},"gender":{"0":"Male","1":"Male","2":"Male","3":"female","4":"Male","6":"Female","7":"male","8":"Male","9":"Male","10":"male","11":"male","12":"male","13":"Male","14":"Male","16":"male","17":"Male","18":"female","19":"Female","20":"Male","21":"Male","22":"male","23":"Male","25":"f","26":"male","27":"female","28":"male","29":"Male","30":"male","31":"Female","32":"Male","33":"Male","34":"Male","35":"Male","36":"Male","38":"M","39":"Male","40":"female","41":"female","42":"Male","44":"Male","45":"Male","46":"female","47":"female","48":"Male","49":"Female","50":"Female","51":"Female","52":"Female","53":"Male","54":"Male","55":"Female","56":"Female","57":"female","58":"Male","59":"Female","60":"female","61":"F","62":"Non-binary","63":"male","64":"F","65":"male","66":"male","68":"Male","69":"Female","70":"male","71":"Male","72":"Female","73":"male","74":"Female","75":"male","76":"female","77":"female","78":"male","79":"Male","80":"male","81":"female","82":"female","83":"male","84":"Female","85":"nonbinary","86":"Male","87":"Female","88":"Male","89":"Male","91":"female","92":"Male","93":"Male","94":"Male","95":"female","96":"male","97":"female","98":"Male","99":"female","100":"Male","101":"male","102":"female","103":"male","105":"female","106":"Female","107":"female","108":"Male","109":"f","110":"Female","111":"Male","112":"Male","114":"female","115":"male","116":"Male","117":"Male","119":"f","120":"female","121":"Male","122":"Male","123":"Female","124":"Male","125":"Female","126":"male","127":"Male","128":"Male","129":"m","130":"Male","131":"Male","132":"Female","133":"Male","134":"female","135":"Female","136":"male","137":"male","138":"female","139":"Female","140":"female","141":"Male","142":"male","143":"female","144":"Male","145":"male","146":"Male","147":"male","148":"Male","149":"Male","150":"nonbinary","151":"Female","152":"female","153":"man","154":"female","156":"Woman","157":"male","158":"female","159":"Female","160":"male","161":"male","162":"female","163":"female","164":"m","165":"male","167":"female","168":"Male","170":"Male","171":"female","172":"Male","173":"female","174":"female","175":"Male","176":"Male","177":"Female","178":"Male","179":"Male","180":"female","181":"male","182":"Male","183":"female","184":"female","185":"female","186":"male","187":"F","188":"Male","189":"Female","190":"Male","192":"F","193":"Male","194":"female","195":"male","196":"Male","197":"Female","198":"Male","199":"Male","200":"female","201":"male","202":"Female","203":"Female","204":"FEMALE","205":"Male","206":"Male","207":"Female","208":"Male","209":"Male","210":"Male","211":"male","212":"Female","213":"MALE","214":"female","216":"female","217":"Male","218":"male","219":"female","220":"Male","221":"Female","222":"male","223":"Female","224":"female","225":"Female","226":"Male","227":"FEMALE","228":"female","229":"male","230":"Female","231":"female","232":"male","233":"Male","234":"Male","235":"Female","236":"female","237":"Male","238":"female","239":"Male","240":"Male","241":"female","242":"Female","244":"female","246":"female","247":"Male","248":"Male","250":"female","251":"Male","252":"Female","253":"Male","255":"Male","257":"female","258":"female","259":"f","260":"female","261":"Male","262":"Female","263":"Female","264":"Male","265":"male","266":"Female","267":"female","268":"Male","269":"Female","270":"Male","272":"Female","273":"male","274":"male","275":"Female","276":"Female","278":"Male","279":"male","281":"Female","282":"Female","283":"Male","284":"Female","285":"female","286":"Male","287":"Male","288":"Female","289":"Male","291":"female","294":"male","296":"female","297":"Male","298":"Female","299":"male","300":"Male","301":"male","302":"male","303":"Male","304":"Male","306":"Male","307":"Male","308":"Female ","309":"male","310":"Male","311":"Male","313":"male","315":"M","316":"Male","317":"female","318":"female","319":"female","320":"46","321":"M","324":"Male","325":"male","327":"Male","328":"Male","329":"female","330":"female","331":"Male","332":"Female","333":"female","334":"female","335":"male","336":"male","338":"Non Binary","341":"Female","342":"Male","343":"female","344":"Male","345":"female","346":"Male","347":"female","348":"male","349":"Male","350":"male","351":"male","352":"female","353":"female","354":"Female","355":"female","356":"Male","357":"female","358":"Male","359":"Male","362":"male","363":"Male","364":"Female","365":"Male","366":"male","367":"Male","368":"Female","369":"Female","370":"female","371":"Male","372":"Female","373":"Male","374":"Male","375":"Male","376":"Male","378":"Male","379":"Female","380":"male","381":"Male","382":"Female","383":"male","384":"Male","385":"Male","386":"Female","387":"Male","388":"Male","389":"Female","390":"FEMALE","391":"male","392":"male","393":"F","394":"male","395":"M","396":"male","397":"female","398":"Female","399":"male","400":"Female","402":"female","403":"Male","404":"male","405":"Female","406":"Male","409":"Male","410":"female","411":"Female","412":"male","413":"Male","414":"female","415":"Female","416":"female","417":"male","418":"male"},"mean_test_steps":{"0":24.625,"1":26.5,"2":26.0,"3":24.625,"4":24.625,"6":34.0,"7":24.375,"8":26.875,"9":24.375,"10":24.0,"11":24.875,"12":27.0,"13":32.875,"14":34.0,"16":33.625,"17":24.5,"18":24.25,"19":31.625,"20":28.5,"21":25.125,"22":25.375,"23":24.25,"25":24.5,"26":29.25,"27":30.5,"28":24.375,"29":24.125,"30":26.25,"31":38.25,"32":24.25,"33":24.125,"34":24.5,"35":29.5,"36":24.125,"38":27.625,"39":26.0,"40":24.875,"41":33.125,"42":24.0,"44":26.75,"45":25.25,"46":24.25,"47":25.625,"48":25.0,"49":24.5,"50":25.125,"51":25.125,"52":30.0,"53":31.5,"54":25.25,"55":28.375,"56":24.625,"57":24.25,"58":26.375,"59":32.25,"60":25.25,"61":24.5,"62":25.25,"63":27.875,"64":24.625,"65":26.75,"66":25.25,"68":31.875,"69":32.125,"70":27.625,"71":25.375,"72":28.25,"73":25.0,"74":32.375,"75":27.0,"76":30.0,"77":28.625,"78":24.875,"79":25.0,"80":24.25,"81":24.875,"82":32.375,"83":24.125,"84":29.75,"85":24.375,"86":24.5,"87":31.5,"88":31.625,"89":26.875,"91":29.0,"92":26.0,"93":24.125,"94":24.75,"95":28.75,"96":25.125,"97":32.125,"98":29.75,"99":37.875,"100":24.625,"101":24.875,"102":32.75,"103":24.625,"105":29.25,"106":26.5,"107":24.75,"108":27.625,"109":26.0,"110":25.25,"111":26.5,"112":29.0,"114":27.875,"115":25.375,"116":24.0,"117":24.25,"119":34.25,"120":26.5,"121":30.375,"122":24.5,"123":27.25,"124":25.0,"125":29.0,"126":28.5,"127":37.375,"128":25.5,"129":29.125,"130":25.125,"131":27.875,"132":25.0,"133":26.125,"134":24.5,"135":25.375,"136":24.0,"137":30.25,"138":28.75,"139":36.75,"140":27.0,"141":24.0,"142":26.25,"143":24.125,"144":27.0,"145":24.0,"146":24.0,"147":24.0,"148":28.25,"149":28.75,"150":28.0,"151":25.625,"152":26.625,"153":24.25,"154":24.5,"156":28.0,"157":24.875,"158":36.875,"159":24.125,"160":26.125,"161":24.125,"162":28.625,"163":31.875,"164":24.625,"165":24.375,"167":35.375,"168":24.125,"170":25.5,"171":28.0,"172":26.0,"173":24.375,"174":30.625,"175":32.75,"176":28.25,"177":24.375,"178":24.0,"179":24.0,"180":30.875,"181":25.875,"182":24.0,"183":25.625,"184":27.75,"185":30.25,"186":28.125,"187":24.125,"188":24.25,"189":25.375,"190":25.375,"192":24.5,"193":25.875,"194":30.375,"195":25.25,"196":26.625,"197":24.125,"198":25.5,"199":24.25,"200":28.75,"201":26.125,"202":24.0,"203":29.75,"204":28.125,"205":24.5,"206":26.0,"207":28.375,"208":30.375,"209":26.375,"210":27.5,"211":24.375,"212":24.375,"213":33.5,"214":28.5,"216":24.25,"217":26.375,"218":24.25,"219":28.375,"220":24.0,"221":32.5,"222":25.375,"223":24.0,"224":26.25,"225":32.5,"226":24.875,"227":25.125,"228":25.25,"229":26.75,"230":26.75,"231":31.125,"232":32.125,"233":25.5,"234":25.0,"235":25.375,"236":32.25,"237":33.375,"238":30.625,"239":24.0,"240":24.25,"241":24.5,"242":24.75,"244":33.5,"246":24.75,"247":25.875,"248":25.125,"250":28.125,"251":25.375,"252":26.875,"253":24.0,"255":24.0,"257":31.5,"258":25.875,"259":28.125,"260":27.625,"261":26.625,"262":24.5,"263":25.125,"264":27.0,"265":34.75,"266":24.0,"267":30.875,"268":28.125,"269":33.25,"270":29.125,"272":26.625,"273":28.0,"274":25.625,"275":25.0,"276":24.625,"278":24.0,"279":29.0,"281":30.375,"282":32.5,"283":25.0,"284":32.25,"285":24.375,"286":24.375,"287":25.75,"288":25.0,"289":24.125,"291":24.75,"294":24.125,"296":32.5,"297":33.0,"298":25.375,"299":24.125,"300":24.0,"301":24.625,"302":24.125,"303":27.875,"304":27.5,"306":35.25,"307":25.375,"308":24.125,"309":28.75,"310":25.375,"311":31.25,"313":34.125,"315":25.0,"316":24.5,"317":27.5,"318":26.0,"319":24.625,"320":33.75,"321":32.375,"324":25.25,"325":24.0,"327":27.875,"328":33.25,"329":25.75,"330":24.25,"331":28.75,"332":65.5,"333":26.875,"334":24.875,"335":24.25,"336":24.0,"338":27.75,"341":24.125,"342":24.25,"343":24.375,"344":28.375,"345":26.875,"346":24.125,"347":31.5,"348":24.625,"349":30.375,"350":25.125,"351":25.125,"352":32.25,"353":24.625,"354":26.125,"355":27.875,"356":32.375,"357":25.5,"358":78.0,"359":25.0,"362":28.875,"363":25.25,"364":24.625,"365":26.75,"366":30.25,"367":24.375,"368":35.25,"369":25.625,"370":26.75,"371":24.25,"372":24.125,"373":24.5,"374":24.0,"375":24.875,"376":24.5,"378":24.0,"379":31.875,"380":24.5,"381":26.25,"382":24.625,"383":31.0,"384":25.875,"385":32.5,"386":24.125,"387":34.25,"388":26.125,"389":45.25,"390":26.125,"391":37.125,"392":26.75,"393":24.0,"394":25.125,"395":26.375,"396":24.5,"397":26.875,"398":32.0,"399":29.0,"400":33.5,"402":25.375,"403":27.5,"404":29.125,"405":32.25,"406":28.0,"409":26.875,"410":33.625,"411":30.375,"412":25.25,"413":26.875,"414":30.0,"415":27.25,"416":25.25,"417":24.375,"418":31.25},"total_time_sec":{"0":848.144,"1":390.356,"2":238.215,"3":471.824,"4":556.824,"6":618.104,"7":409.35,"8":472.374,"9":453.135,"10":350.108,"11":301.984,"12":357.713,"13":382.945,"14":555.414,"16":422.756,"17":543.246,"18":532.166,"19":388.965,"20":243.598,"21":353.727,"22":508.217,"23":405.465,"25":487.54,"26":385.801,"27":356.13,"28":494.046,"29":422.773,"30":451.008,"31":774.451,"32":372.818,"33":470.457,"34":371.153,"35":264.347,"36":346.065,"38":319.635,"39":392.831,"40":837.781,"41":478.871,"42":425.857,"44":394.01,"45":437.287,"46":397.174,"47":860.837,"48":294.776,"49":411.629,"50":614.971,"51":318.912,"52":392.259,"53":296.914,"54":297.114,"55":388.292,"56":426.554,"57":630.924,"58":681.112,"59":419.551,"60":409.355,"61":666.005,"62":540.387,"63":432.716,"64":453.419,"65":713.337,"66":400.606,"68":351.652,"69":442.874,"70":370.358,"71":454.507,"72":548.731,"73":490.76,"74":447.162,"75":419.628,"76":411.576,"77":394.335,"78":500.165,"79":468.469,"80":473.976,"81":542.761,"82":439.691,"83":275.035,"84":450.303,"85":449.726,"86":303.465,"87":404.194,"88":575.023,"89":602.689,"91":556.452,"92":526.754,"93":408.029,"94":514.879,"95":515.76,"96":1090.236,"97":662.364,"98":332.812,"99":391.351,"100":405.01,"101":532.513,"102":518.064,"103":678.26,"105":297.745,"106":327.76,"107":529.027,"108":479.529,"109":863.253,"110":417.095,"111":256.297,"112":442.767,"114":405.967,"115":318.185,"116":414.948,"117":381.938,"119":434.174,"120":574.087,"121":641.878,"122":409.295,"123":575.867,"124":448.168,"125":513.632,"126":379.549,"127":403.521,"128":314.28,"129":349.897,"130":361.098,"131":367.785,"132":366.765,"133":270.775,"134":409.401,"135":436.691,"136":542.343,"137":317.126,"138":326.905,"139":453.297,"140":606.864,"141":783.457,"142":406.588,"143":452.6,"144":592.756,"145":331.878,"146":453.58,"147":430.007,"148":421.918,"149":381.14,"150":544.063,"151":508.893,"152":373.36,"153":504.165,"154":569.42,"156":375.884,"157":505.982,"158":404.598,"159":280.204,"160":1032.952,"161":399.282,"162":437.729,"163":316.948,"164":444.196,"165":597.195,"167":862.808,"168":527.868,"170":519.658,"171":337.856,"172":318.035,"173":328.443,"174":376.375,"175":406.033,"176":333.819,"177":385.257,"178":291.424,"179":319.988,"180":332.491,"181":871.155,"182":338.641,"183":653.309,"184":550.038,"185":380.525,"186":374.483,"187":383.448,"188":399.114,"189":327.23,"190":284.422,"192":309.371,"193":461.3,"194":309.35,"195":375.206,"196":332.41,"197":669.328,"198":502.562,"199":338.925,"200":616.503,"201":484.339,"202":406.092,"203":388.448,"204":394.491,"205":332.36,"206":342.418,"207":309.084,"208":393.094,"209":457.046,"210":300.594,"211":527.33,"212":359.31,"213":303.49,"214":336.376,"216":401.987,"217":423.147,"218":468.235,"219":357.888,"220":465.615,"221":431.307,"222":493.961,"223":478.906,"224":328.336,"225":658.615,"226":340.95,"227":464.803,"228":357.063,"229":331.473,"230":327.508,"231":374.516,"232":408.86,"233":268.814,"234":372.014,"235":484.027,"236":425.99,"237":281.228,"238":423.234,"239":454.556,"240":393.358,"241":311.183,"242":400.227,"244":735.665,"246":393.081,"247":415.804,"248":357.869,"250":619.345,"251":407.73,"252":305.65,"253":376.966,"255":571.389,"257":362.253,"258":655.241,"259":838.009,"260":318.132,"261":353.722,"262":277.722,"263":287.623,"264":313.395,"265":422.998,"266":503.846,"267":411.242,"268":404.227,"269":585.909,"270":390.191,"272":456.595,"273":355.874,"274":376.708,"275":524.844,"276":430.417,"278":487.136,"279":287.331,"281":416.857,"282":446.949,"283":812.968,"284":466.822,"285":544.241,"286":549.25,"287":406.478,"288":418.866,"289":357.066,"291":776.115,"294":440.14,"296":449.132,"297":413.664,"298":761.663,"299":647.761,"300":295.215,"301":738.698,"302":451.773,"303":557.081,"304":404.662,"306":518.875,"307":668.909,"308":466.665,"309":320.049,"310":283.089,"311":343.953,"313":528.168,"315":682.43,"316":445.511,"317":424.564,"318":533.843,"319":685.61,"320":513.243,"321":448.194,"324":292.63,"325":616.885,"327":616.046,"328":1055.592,"329":572.443,"330":486.836,"331":668.272,"332":978.451,"333":525.873,"334":410.077,"335":313.026,"336":425.985,"338":320.338,"341":319.861,"342":239.108,"343":400.517,"344":428.321,"345":425.757,"346":323.694,"347":525.605,"348":319.008,"349":305.653,"350":349.588,"351":483.524,"352":556.678,"353":785.94,"354":347.45,"355":430.211,"356":424.378,"357":383.578,"358":608.883,"359":339.657,"362":367.191,"363":399.781,"364":513.943,"365":303.021,"366":456.914,"367":527.797,"368":390.735,"369":618.047,"370":428.377,"371":434.062,"372":504.162,"373":339.96,"374":322.929,"375":328.315,"376":403.662,"378":571.102,"379":365.482,"380":600.557,"381":319.929,"382":379.241,"383":830.439,"384":290.442,"385":354.792,"386":457.752,"387":367.183,"388":663.742,"389":1137.478,"390":461.667,"391":1045.118,"392":413.951,"393":413.981,"394":602.982,"395":716.592,"396":825.57,"397":499.359,"398":994.041,"399":456.013,"400":529.026,"402":843.736,"403":300.543,"404":478.476,"405":932.384,"406":415.282,"409":690.438,"410":1112.948,"411":337.368,"412":508.501,"413":286.052,"414":295.801,"415":405.612,"416":584.776,"417":356.974,"418":569.563}}