{"sessionId":{"0":"1vxajfq2Kz","1":"9Jd8OYpfJu","2":"Skd1xtICk3","3":"KuJIfnAuXX","4":"tUrbybJrfl","5":"9f3Bi4yATG","6":"lKmAOMvzuh","7":"09yTEbcfqi","8":"cSSaWQB5md","9":"iUqQH3qXJu","11":"XYvnjk4VBA","12":"5w422zI4ha","13":"5tCqdJ2IL9","15":"LQ71HcUtpS","16":"nB9B6AWyK4","17":"2a45F4FOgE","18":"orszMpHjOA","19":"PAGTDVvKu0","20":"TIVAzLoMMw","21":"XLsgPBAfha","22":"1CbE7mFCUH","23":"tAK0vJ1AEc","24":"CpMX70EzVa","25":"zHpuBMgilu","26":"2oAvYzq471","27":"4zkkQK3cFg","28":"5rHUYWjxcb","29":"kouez7BJCB","31":"KPiuyId10p","32":"WlS8hfji4y","33":"kAtijZ7Y8W","34":"bT8bz1dUzo","35":"tgFbMgtRjo","36":"ec8bdwd9Mi","37":"a9uipju13a","38":"JFmF6zLxgF","39":"ZFuzuhsHmy","40":"DIvb4bkMgq","41":"HREv0Fjh4E","42":"iy4DA3yb65","43":"Xn9RXvVFDK","44":"8N14EHpdG3","45":"2XnFoTGU2p","46":"RyM0j1qhFK","47":"PhhvixAwnL","48":"IgPx0JiiSr","49":"WI0Wrv7Xm6","50":"uOIjpYFQCA","51":"uckl2E99Pw","52":"Bh5vfEO01Y","53":"orO4WG1Bzh","54":"2hSuLPPOZX","56":"9KbwqEIubb","57":"HJJirEyUrG","58":"dARxwTPxXX","59":"nFTepvUWxH","60":"TBe1nKdR9r","61":"5vf9altlOs","62":"ewxhPS6tt2","63":"Q1Wgym2Zaa","64":"cofhpjik0y","65":"Xmvg8H3XPD","67":"vEEnA5GgG9","68":"CsKCSWyo1c","69":"sDexpMNbGG","70":"qxT5gFF6z2","71":"pqN1IqKmGY","72":"HmwJ4VlIzZ","73":"iVQ4e7IhA1","74":"nzoiYgCvrD","75":"XqX7pJqVZT","77":"BnCGSk0FN0","78":"u259J9Lqng","80":"zvlpFTfnGw","81":"67cFy5hb1E","82":"mtnocMMAqX","83":"Gd9KuHdmaz","84":"1fNXFbDNR5","85":"VaFUQgkUmI","86":"QrHiMPuVTi","87":"kqBI7EXdUk","88":"VV30XuUqbk","89":"agKYsVy0Aa","90":"TIxgwjVsHp","91":"sJMaJDsvxK","92":"ph536UJg76","93":"Gq3rnrH1ye","94":"1Bsl2NHOdB","95":"qnNjLysNz6","97":"MA8JRQ14fe","98":"41FYZOQoFk","99":"SMkDvheZ7P","100":"5Y4luHKz3u","101":"I0wCYHuoZx","102":"M2k2IpRtxG","103":"eZuaOx8DUM","104":"H7yVkrdRs3","105":"SBLHmy9DI1","106":"h75LFbPAWl","107":"ca5aa5CB9M","108":"iqzyVI8DPU","109":"zwmKcSqnZB","110":"zOgpWsQVXR","111":"4TuRSI83mT","112":"aMkgJWVt72","113":"H0HfZX1sCr","114":"VWcxEq5ilc","115":"QRH4mgz1r3","116":"t0295OJbt2","117":"SshRQecTC2","118":"jEVz1oUSdb","120":"Uhu1zFG2Uk","121":"GJoMcllGBt","122":"9GMVLXTTtF","123":"xRGfbZItDb","124":"37qkS5Nu66","125":"BKpJIVF2ms","126":"SggWDaibt5","127":"EpgovNIdrc","128":"ORu1Y6XXN7","129":"kyI0lXMPlQ","130":"bofyELAFnq","131":"piKcGtOMQU","132":"FJSPsp3soJ","133":"Aw80CgMX4a","134":"k8vPhQ8tJ7","135":"dmwABvM5jZ","136":"0mQjW21oEK","137":"iCyLFdGJ1o","138":"fFEXjjhIPK","139":"Nb06w5hr6R","140":"QtNVF2Mzgq","141":"QywT7JMvlF","142":"kadgeXo6uY","143":"obnP2EOoJb","144":"HnOvm998Zt","145":"prIJnPZ8DW","146":"wEfiPQTWOP","147":"kaYaEGFGrv","148":"xmhZP1yBIV","149":"AN7VVKho7p","150":"9cUkxXnd1Y","151":"hqq0y02IkD","152":"czLZ5GxM4k","153":"GrzUY29FQZ","154":"1cuAtcEYy9","155":"rKx4t5AeMp","156":"3bGJoztg0z","157":"pcL1bxiRRq","158":"A9wfliHeWh","159":"Mh0R30coHW","160":"rnZgnNYDoI","161":"LYqQPazoZ5","162":"i55eQpbnMj","163":"uZrpSG14KX","164":"4hovDSqWhf","165":"HZeRcWIAB1","166":"kKH1H2Wlrl","167":"8eSIlIKkbx","168":"LZPAdZmDN6","169":"CjsEBxWWBD","170":"LigDafP7Tp","171":"MLTcQHpoYS","172":"3e4JCkwx0g","173":"tXkJ1hRXna","174":"mmvopBSaH1","175":"zi1UFjiPsr","176":"F9dRfxcIvv","177":"0eIBT8vXDg","178":"6u3fe1eYhe","179":"MJvD8IwCIX","180":"O8760kwUFU","181":"ICovUAFtOF","182":"ZaM5Ucvqcu","183":"Iet8XviQSp","184":"6M6YSHM79O","185":"CKbxkPm9sa","186":"crOxwaxTFm","187":"E5cvpFCZqb","188":"hSnMGxrsEn","189":"dkl6HXfe5F","190":"48qiaDNAWO","191":"SgoLofpazU","192":"ajtXDU9iVF","193":"ZKzOLLOVrz","194":"nnwRWv62K8","196":"V8eUv6660w","198":"cEUisV691n","199":"3D63ABxQvY","200":"9u4iUsvnXw","201":"yuOKlszEo3","202":"NQWHHBjLUR","203":"LaFsvxHl40","204":"wGvXe4smyS","205":"7NwmwAmrFz","206":"xzi6zVO6Nc","207":"gxLIvk35hW","208":"UboMX95L60","209":"j2qWKKfCmu","210":"rSxjQspxp1","211":"p4J02w9fJf","213":"fZBszX8E4o","214":"boqo9XItUI","215":"1kxuO2K9kg","216":"F2C4FU3nER","217":"TIGziH8vWy","218":"GzLBPs2Vag","219":"IdWoifsdDw","220":"Ydh7ECo1fi","221":"3zX1EjdC6V","222":"KMh8VqthqV","223":"cY6J8bFq0X","224":"xClep9UKIi","226":"3FCXsrKFag","227":"tzmbJbg0ZP","228":"d76iP6dFpz","229":"vfLbCb0pfi","230":"8a8KeH4Wiy","231":"0RtfXK0nFP","232":"K75rjpQzna","233":"wzPhodQNek","234":"0Psmmv14m3","235":"v0Mw4ZflxW","236":"MjUM6E0UNd","237":"nUK915HqWf","238":"nhw4gNScaD","239":"7C6unXWA9y","240":"GB4kUE2rlh","241":"jDAGKZZpYa","242":"sJcjX3SgJ5","243":"jcf5sld4kJ","244":"JjPyY0T9xo","245":"kD3ngqrxo5","246":"PooggR2yfj","247":"30RjtgKVNK","248":"eIzWFcaUcr","249":"fKPc9cb7at","250":"YdogqX8liu","251":"9g5fl9OL0B","252":"dnRRG20Hn3","253":"Lb3oorg5r1","254":"EvSEERHIXu","255":"6ss4BwVHXe","256":"8bSKoIzZqo","257":"yMMbRjIURx","258":"9GO4c7BunZ","259":"hE8g88hDz4","260":"yqjmPGEXHp","261":"DSUJNghmXW","262":"EFnfMNJfHf","263":"lQvhJhGs7E","264":"4TkckhtFlf","265":"W0yS8OwxTI","266":"21DtXzAYc3","267":"ExNffEe9Ub","268":"H7aaMMEV2L","269":"qI6lvbOEr9","270":"geJhV1Retc","271":"dhDVUNbBpb","272":"7a7RWULclo","273":"BkIWIfjnSm","274":"orxFN1JPCr","275":"Z3bvEARCA2","276":"nJxnnYjDIA","277":"CrATeHc55O","278":"qqD9zYZbfo","279":"YVCvShjQqC","280":"xvzUddaMZe","281":"56NRme5UFy","282":"dI3p3YwPZw","283":"iABR5PxPDU","284":"7c5H6sDdQM","286":"hAbHO83g03","287":"WeK3Zb6r0F","288":"6rahQiVWvY","289":"bPC7oPcF4G","290":"FlnRyZVz9x","291":"9hoKgSNmp3","292":"qCVicb3wUE","293":"juXaotwD42","294":"DiQIiWyIvp","295":"1fd9gUfm4B","296":"bLnMUrTWCK","297":"jWbEIxZJH0","298":"jfzE39kq27","299":"y7JIsO18eE","300":"1zRee1ZjBC","301":"SJn3g6Gh7b","302":"bHXOrmIxR6","303":"LY3NEaOVS8","304":"8ge56aJVSb","305":"hlHkcU8Avr","306":"ihSjPRHKLX","307":"DzeAF7p3xJ"},"bonusDollars":{"0":0.962,"1":1.355,"2":1.257,"3":1.506,"4":0.64,"5":1.01,"6":1.371,"7":0.753,"8":1.414,"9":1.223,"11":1.482,"12":1.455,"13":1.371,"15":1.076,"16":1.439,"17":1.458,"18":1.196,"19":1.236,"20":1.433,"21":1.231,"22":1.289,"23":0.765,"24":1.42,"25":1.419,"26":1.331,"27":1.164,"28":0.98,"29":1.281,"31":1.152,"32":1.475,"33":0.694,"34":1.093,"35":1.268,"36":1.504,"37":1.445,"38":1.053,"39":1.425,"40":1.46,"41":1.425,"42":1.301,"43":1.012,"44":1.089,"45":1.143,"46":1.22,"47":0.932,"48":1.212,"49":1.207,"50":1.327,"51":1.327,"52":1.453,"53":1.379,"54":1.352,"56":1.056,"57":0.592,"58":1.29,"59":1.299,"60":1.272,"61":1.495,"62":1.406,"63":1.439,"64":1.306,"65":1.204,"67":1.467,"68":1.285,"69":1.027,"70":1.428,"71":0.749,"72":1.038,"73":1.296,"74":1.265,"75":1.456,"77":1.491,"78":1.332,"80":1.351,"81":1.37,"82":0.523,"83":1.293,"84":0.814,"85":1.49,"86":0.951,"87":1.344,"88":1.177,"89":1.33,"90":1.309,"91":1.23,"92":1.282,"93":1.433,"94":1.416,"95":1.321,"97":1.211,"98":1.493,"99":1.148,"100":1.436,"101":1.31,"102":1.284,"103":0.9,"104":1.016,"105":1.162,"106":1.086,"107":1.277,"108":0.506,"109":1.342,"110":1.142,"111":1.078,"112":1.192,"113":1.327,"114":1.504,"115":1.468,"116":1.446,"117":1.084,"118":0.951,"120":1.107,"121":1.004,"122":0.0,"123":1.284,"124":1.126,"125":1.466,"126":1.201,"127":1.305,"128":1.413,"129":1.379,"130":1.076,"131":0.638,"132":0.794,"133":1.093,"134":1.236,"135":0.462,"136":1.08,"137":0.384,"138":1.193,"139":1.387,"140":1.075,"141":1.356,"142":1.161,"143":0.756,"144":1.495,"145":0.52,"146":1.269,"147":1.133,"148":1.379,"149":0.873,"150":1.196,"151":1.327,"152":0.924,"153":1.223,"154":1.394,"155":1.493,"156":1.5,"157":1.417,"158":1.32,"159":1.411,"160":0.999,"161":1.242,"162":1.278,"163":1.031,"164":0.977,"165":1.223,"166":0.723,"167":1.385,"168":0.812,"169":1.434,"170":1.345,"171":1.434,"172":0.968,"173":1.17,"174":0.692,"175":1.326,"176":1.111,"177":1.221,"178":0.969,"179":0.753,"180":1.304,"181":1.016,"182":1.43,"183":1.504,"184":1.314,"185":1.354,"186":0.716,"187":1.249,"188":1.236,"189":1.033,"190":1.231,"191":1.313,"192":1.096,"193":1.429,"194":1.495,"196":0.4,"198":0.846,"199":0.48,"200":1.07,"201":1.216,"202":1.504,"203":1.4,"204":1.331,"205":1.51,"206":1.383,"207":0.645,"208":1.221,"209":1.431,"210":1.318,"211":1.456,"213":1.477,"214":0.751,"215":1.25,"216":0.93,"217":0.765,"218":1.298,"219":1.491,"220":1.283,"221":1.275,"222":0.61,"223":1.14,"224":1.388,"226":1.11,"227":1.495,"228":1.329,"229":1.093,"230":1.399,"231":1.025,"232":0.603,"233":1.024,"234":1.268,"235":1.041,"236":1.376,"237":0.538,"238":1.018,"239":0.912,"240":1.123,"241":1.462,"242":1.319,"243":1.138,"244":1.261,"245":0.387,"246":1.468,"247":0.454,"248":1.351,"249":1.116,"250":1.283,"251":1.127,"252":1.343,"253":1.499,"254":1.17,"255":1.327,"256":1.262,"257":1.101,"258":0.54,"259":1.445,"260":0.962,"261":0.947,"262":1.238,"263":1.257,"264":1.335,"265":1.278,"266":1.259,"267":1.453,"268":1.13,"269":0.51,"270":0.945,"271":1.148,"272":1.455,"273":1.387,"274":1.406,"275":1.345,"276":1.371,"277":0.991,"278":1.421,"279":1.482,"280":1.385,"281":1.04,"282":1.425,"283":0.913,"284":0.791,"286":1.271,"287":1.364,"288":1.232,"289":0.768,"290":1.449,"291":1.07,"292":1.177,"293":1.432,"294":0.969,"295":1.44,"296":1.296,"297":1.378,"298":1.349,"299":1.15,"300":1.425,"301":1.318,"302":1.381,"303":1.208,"304":1.433,"305":1.365,"306":1.385,"307":1.488},"condition_name":{"0":"ffffffffffff_ffffffff","1":"ffffffffffff_ffffffff","2":"ffffffffffff_cccccccc","3":"ffffffffffff_ffffffff","4":"ffffffffffff_ffffffff","5":"ffffffffffff_ffffffff","6":"ffffffffffff_ffffffff","7":"ffffffffffff_cccccccc","8":"ffffffffffff_ffffffff","9":"ffffffffffff_bbbbbbbb","11":"ffffffffffff_cccccccc","12":"ffffffffffff_bbbbbbbb","13":"ffffffffffff_bbbbbbbb","15":"ffffffffffff_ffffffff","16":"ffffffffffff_ffffffff","17":"ffffffffffff_cccccccc","18":"ffffffffffff_cccccccc","19":"ffffffffffff_cccccccc","20":"ffffffffffff_ffffffff","21":"ffffffffffff_ffffffff","22":"ffffffffffff_cccccccc","23":"ffffffffffff_bbbbbbbb","24":"ffffffffffff_cccccccc","25":"ffffffffffff_cccccccc","26":"ffffffffffff_cccccccc","27":"ffffffffffff_bbbbbbbb","28":"ffffffffffff_ffffffff","29":"ffffffffffff_bbbbbbbb","31":"ffffffffffff_bbbbbbbb","32":"ffffffffffff_bbbbbbbb","33":"ffffffffffff_bbbbbbbb","34":"ffffffffffff_cccccccc","35":"ffffffffffff_ffffffff","36":"ffffffffffff_bbbbbbbb","37":"ffffffffffff_bbbbbbbb","38":"ffffffffffff_cccccccc","39":"ffffffffffff_cccccccc","40":"ffffffffffff_bbbbbbbb","41":"ffffffffffff_cccccccc","42":"ffffffffffff_bbbbbbbb","43":"ffffffffffff_bbbbbbbb","44":"ffffffffffff_cccccccc","45":"ffffffffffff_bbbbbbbb","46":"ffffffffffff_ffffffff","47":"ffffffffffff_ffffffff","48":"ffffffffffff_cccccccc","49":"ffffffffffff_cccccccc","50":"ffffffffffff_bbbbbbbb","51":"ffffffffffff_cccccccc","52":"ffffffffffff_cccccccc","53":"ffffffffffff_ffffffff","54":"ffffffffffff_ffffffff","56":"ffffffffffff_ffffffff","57":"ffffffffffff_cccccccc","58":"ffffffffffff_ffffffff","59":"ffffffffffff_bbbbbbbb","60":"ffffffffffff_bbbbbbbb","61":"ffffffffffff_cccccccc","62":"ffffffffffff_cccccccc","63":"ffffffffffff_bbbbbbbb","64":"ffffffffffff_ffffffff","65":"ffffffffffff_ffffffff","67":"ffffffffffff_cccccccc","68":"ffffffffffff_ffffffff","69":"ffffffffffff_cccccccc","70":"ffffffffffff_ffffffff","71":"ffffffffffff_ffffffff","72":"ffffffffffff_bbbbbbbb","73":"ffffffffffff_ffffffff","74":"ffffffffffff_bbbbbbbb","75":"ffffffffffff_bbbbbbbb","77":"ffffffffffff_cccccccc","78":"ffffffffffff_ffffffff","80":"ffffffffffff_bbbbbbbb","81":"ffffffffffff_bbbbbbbb","82":"ffffffffffff_ffffffff","83":"ffffffffffff_cccccccc","84":"ffffffffffff_cccccccc","85":"ffffffffffff_cccccccc","86":"ffffffffffff_bbbbbbbb","87":"ffffffffffff_bbbbbbbb","88":"ffffffffffff_cccccccc","89":"ffffffffffff_bbbbbbbb","90":"ffffffffffff_bbbbbbbb","91":"ffffffffffff_ffffffff","92":"ffffffffffff_cccccccc","93":"ffffffffffff_cccccccc","94":"ffffffffffff_ffffffff","95":"ffffffffffff_cccccccc","97":"ffffffffffff_cccccccc","98":"ffffffffffff_ffffffff","99":"ffffffffffff_cccccccc","100":"ffffffffffff_cccccccc","101":"ffffffffffff_ffffffff","102":"ffffffffffff_cccccccc","103":"ffffffffffff_ffffffff","104":"ffffffffffff_ffffffff","105":"ffffffffffff_ffffffff","106":"ffffffffffff_ffffffff","107":"ffffffffffff_bbbbbbbb","108":"ffffffffffff_bbbbbbbb","109":"ffffffffffff_cccccccc","110":"ffffffffffff_ffffffff","111":"ffffffffffff_cccccccc","112":"ffffffffffff_cccccccc","113":"ffffffffffff_bbbbbbbb","114":"ffffffffffff_cccccccc","115":"ffffffffffff_cccccccc","116":"ffffffffffff_ffffffff","117":"ffffffffffff_bbbbbbbb","118":"ffffffffffff_cccccccc","120":"ffffffffffff_bbbbbbbb","121":"ffffffffffff_bbbbbbbb","122":"ffffffffffff_ffffffff","123":"ffffffffffff_ffffffff","124":"ffffffffffff_ffffffff","125":"ffffffffffff_ffffffff","126":"ffffffffffff_cccccccc","127":"ffffffffffff_bbbbbbbb","128":"ffffffffffff_bbbbbbbb","129":"ffffffffffff_ffffffff","130":"ffffffffffff_cccccccc","131":"ffffffffffff_cccccccc","132":"ffffffffffff_bbbbbbbb","133":"ffffffffffff_bbbbbbbb","134":"ffffffffffff_cccccccc","135":"ffffffffffff_ffffffff","136":"ffffffffffff_bbbbbbbb","137":"ffffffffffff_bbbbbbbb","138":"ffffffffffff_ffffffff","139":"ffffffffffff_bbbbbbbb","140":"ffffffffffff_ffffffff","141":"ffffffffffff_ffffffff","142":"ffffffffffff_ffffffff","143":"ffffffffffff_cccccccc","144":"ffffffffffff_cccccccc","145":"ffffffffffff_cccccccc","146":"ffffffffffff_ffffffff","147":"ffffffffffff_cccccccc","148":"ffffffffffff_ffffffff","149":"ffffffffffff_bbbbbbbb","150":"ffffffffffff_ffffffff","151":"ffffffffffff_ffffffff","152":"ffffffffffff_bbbbbbbb","153":"ffffffffffff_cccccccc","154":"ffffffffffff_bbbbbbbb","155":"ffffffffffff_bbbbbbbb","156":"ffffffffffff_bbbbbbbb","157":"ffffffffffff_bbbbbbbb","158":"ffffffffffff_bbbbbbbb","159":"ffffffffffff_ffffffff","160":"ffffffffffff_ffffffff","161":"ffffffffffff_ffffffff","162":"ffffffffffff_bbbbbbbb","163":"ffffffffffff_cccccccc","164":"ffffffffffff_ffffffff","165":"ffffffffffff_ffffffff","166":"ffffffffffff_bbbbbbbb","167":"ffffffffffff_ffffffff","168":"ffffffffffff_bbbbbbbb","169":"ffffffffffff_cccccccc","170":"ffffffffffff_ffffffff","171":"ffffffffffff_cccccccc","172":"ffffffffffff_bbbbbbbb","173":"ffffffffffff_ffffffff","174":"ffffffffffff_bbbbbbbb","175":"ffffffffffff_bbbbbbbb","176":"ffffffffffff_bbbbbbbb","177":"ffffffffffff_ffffffff","178":"ffffffffffff_ffffffff","179":"ffffffffffff_bbbbbbbb","180":"ffffffffffff_cccccccc","181":"ffffffffffff_cccccccc","182":"ffffffffffff_bbbbbbbb","183":"ffffffffffff_bbbbbbbb","184":"ffffffffffff_cccccccc","185":"ffffffffffff_cccccccc","186":"ffffffffffff_bbbbbbbb","187":"ffffffffffff_bbbbbbbb","188":"ffffffffffff_bbbbbbbb","189":"ffffffffffff_bbbbbbbb","190":"ffffffffffff_cccccccc","191":"ffffffffffff_ffffffff","192":"ffffffffffff_cccccccc","193":"ffffffffffff_bbbbbbbb","194":"ffffffffffff_cccccccc","196":"ffffffffffff_cccccccc","198":"ffffffffffff_cccccccc","199":"ffffffffffff_bbbbbbbb","200":"ffffffffffff_bbbbbbbb","201":"ffffffffffff_cccccccc","202":"ffffffffffff_bbbbbbbb","203":"ffffffffffff_ffffffff","204":"ffffffffffff_ffffffff","205":"ffffffffffff_cccccccc","206":"ffffffffffff_ffffffff","207":"ffffffffffff_bbbbbbbb","208":"ffffffffffff_bbbbbbbb","209":"ffffffffffff_bbbbbbbb","210":"ffffffffffff_ffffffff","211":"ffffffffffff_cccccccc","213":"ffffffffffff_bbbbbbbb","214":"ffffffffffff_cccccccc","215":"ffffffffffff_cccccccc","216":"ffffffffffff_cccccccc","217":"ffffffffffff_cccccccc","218":"ffffffffffff_cccccccc","219":"ffffffffffff_cccccccc","220":"ffffffffffff_bbbbbbbb","221":"ffffffffffff_cccccccc","222":"ffffffffffff_ffffffff","223":"ffffffffffff_ffffffff","224":"ffffffffffff_bbbbbbbb","226":"ffffffffffff_bbbbbbbb","227":"ffffffffffff_ffffffff","228":"ffffffffffff_bbbbbbbb","229":"ffffffffffff_ffffffff","230":"ffffffffffff_bbbbbbbb","231":"ffffffffffff_ffffffff","232":"ffffffffffff_bbbbbbbb","233":"ffffffffffff_ffffffff","234":"ffffffffffff_bbbbbbbb","235":"ffffffffffff_cccccccc","236":"ffffffffffff_cccccccc","237":"ffffffffffff_bbbbbbbb","238":"ffffffffffff_ffffffff","239":"ffffffffffff_cccccccc","240":"ffffffffffff_cccccccc","241":"ffffffffffff_ffffffff","242":"ffffffffffff_bbbbbbbb","243":"ffffffffffff_bbbbbbbb","244":"ffffffffffff_ffffffff","245":"ffffffffffff_ffffffff","246":"ffffffffffff_ffffffff","247":"ffffffffffff_bbbbbbbb","248":"ffffffffffff_ffffffff","249":"ffffffffffff_bbbbbbbb","250":"ffffffffffff_ffffffff","251":"ffffffffffff_bbbbbbbb","252":"ffffffffffff_bbbbbbbb","253":"ffffffffffff_bbbbbbbb","254":"ffffffffffff_bbbbbbbb","255":"ffffffffffff_cccccccc","256":"ffffffffffff_bbbbbbbb","257":"ffffffffffff_bbbbbbbb","258":"ffffffffffff_ffffffff","259":"ffffffffffff_bbbbbbbb","260":"ffffffffffff_ffffffff","261":"ffffffffffff_ffffffff","262":"ffffffffffff_ffffffff","263":"ffffffffffff_bbbbbbbb","264":"ffffffffffff_ffffffff","265":"ffffffffffff_ffffffff","266":"ffffffffffff_cccccccc","267":"ffffffffffff_bbbbbbbb","268":"ffffffffffff_ffffffff","269":"ffffffffffff_bbbbbbbb","270":"ffffffffffff_ffffffff","271":"ffffffffffff_ffffffff","272":"ffffffffffff_cccccccc","273":"ffffffffffff_bbbbbbbb","274":"ffffffffffff_bbbbbbbb","275":"ffffffffffff_ffffffff","276":"ffffffffffff_cccccccc","277":"ffffffffffff_cccccccc","278":"ffffffffffff_bbbbbbbb","279":"ffffffffffff_bbbbbbbb","280":"ffffffffffff_cccccccc","281":"ffffffffffff_bbbbbbbb","282":"ffffffffffff_bbbbbbbb","283":"ffffffffffff_cccccccc","284":"ffffffffffff_bbbbbbbb","286":"ffffffffffff_bbbbbbbb","287":"ffffffffffff_ffffffff","288":"ffffffffffff_cccccccc","289":"ffffffffffff_ffffffff","290":"ffffffffffff_cccccccc","291":"ffffffffffff_ffffffff","292":"ffffffffffff_cccccccc","293":"ffffffffffff_bbbbbbbb","294":"ffffffffffff_bbbbbbbb","295":"ffffffffffff_cccccccc","296":"ffffffffffff_ffffffff","297":"ffffffffffff_cccccccc","298":"ffffffffffff_cccccccc","299":"ffffffffffff_cccccccc","300":"ffffffffffff_bbbbbbbb","301":"ffffffffffff_cccccccc","302":"ffffffffffff_cccccccc","303":"ffffffffffff_cccccccc","304":"ffffffffffff_bbbbbbbb","305":"ffffffffffff_cccccccc","306":"ffffffffffff_cccccccc","307":"ffffffffffff_bbbbbbbb"},"generalComments":{"0":"I think I improved as time went on. ","1":"No additional comments\n","2":"I believe I performed adequately or at least at an average level on every task.","3":"I think I did really well, especially once I remembered that the green square wouldn't start shrinking right away. I was able to pre plan a route that would get me there","4":" No comments. ","5":"I think I did okay. ","6":"I think I performed below my best ability because I hit too many walls.","7":"I tried to reach the yellow box as quickly as possible.","8":"I feel like I did well","9":"i took my time looking for a path","11":"I think I did well","12":"I tried to determine my path before starting and then take that path quickly.","13":"Very fun game!","15":"I improved as time went on.","16":"I thought i did pretty well. ","17":"i think i did well","18":"I think I performed fairly well. I got a bit too anxious at times though. ","19":"I think I did pretty good with avoiding running into blocks but I probably didn't do so good with choosing routes that take the least amount of moves.","20":"I performed best when I relaxed and moved at a consistent pace.","21":"I think I did well overall.","22":"I would look at the grid before moving to the green square","23":"As long as I remembered not to touch anything until I'd plotted my course I think I did pretty well. ","24":"None","25":"Before the game started, I surveyed the best path for me to take.  ","26":"no","27":"It was difficult to see the difference between blue and light blue.","28":"no comments","29":"none","31":"none","32":"thinking of my path first","33":"It was quite stressful because I am left handed","34":"I thought i performed pretty well.","35":"I think I did fairly well. Not the best but an okay job. ","36":"I looked for a clear path without obstacles before making my first move.","37":"I think I did okay.","38":"I kept getting the two spots confused and then I started not starting until I had it mapped out.","39":"After the first couple trials, I used a little time before my first move to find the path.","40":"I think I did pretty well.","41":"This seemed like a pretty simple and straightforward maneuver.","42":"my nails were long so clicking the arrow keys quickly was difficult","43":"The hardest part for me was focusing on the yellow square at the very beginning","44":"I think I did pretty good with the exception of maybe 3 rounds where green disappeared rather quickly even though I just started and moving.","45":"fun task","46":"it started to get easier towards the end","47":"I think I did fairly well","48":"N\/A","49":"I think I did OK except when I confused myself and tried to start from the end point, (duh),  or got my fingers on the wrong keys before I started.","50":"NA","51":"Generally pretty well.","52":"10\/10 if i do say so myself","53":"think I did okay","54":"No, it was straight forward. ","56":"Got unpleasant near the end.","57":"Started out going fast then learned to slow down. then learned to not start until i could see the correct path.","58":"think i did ok","59":"I think I did well, but can't wait to see the reality!","60":"Occasionally I started to plan my route backwards (green to blue) and messed up the timing","61":"Looked for shortest route before making first move.","62":"It seems like I performed it well, but I don't know for sure because the scores were not visible as I was completing the maze.","63":"none","64":"That was more mentally taxing than expected.","65":"I think I did well","67":"I think I performed quite well on the task but I don't think I always took the perfect route so my points may be a bit lower than they could have been. I think I also made one mistake and bumped into a wall.","68":"I felt like I did okay, but could of did better. Hit a few walls by accident. Overall, I'd say average.","69":"none","70":"Nope. it was fun!","71":"around 20","72":"No","73":"If I had to guess I would say I did maybe a slightly worse than average, I think B bumped walls when starting out because I was looking at the goal circle instead of the one I was supposed to move","74":"Just tried to find the simplest and easiest way to the destination.","75":"No comments noted, I just tried my best without losing too many points.","77":"I planned the route before starting and tried to find the shortest path. ","78":"No","80":"Tried to come up with the strategy of getting to the end before I started moving so that the dot wouldn't disappear.","81":"No","82":"No","83":"I think I did quite well but a couple of times I got confused between thinking the yellow square was me instead of the blue dot and made silly mistakes under pressure","84":"No","85":"No comments, no.","86":"none","87":"I did well","88":"Good Study","89":"I mapped out my route before I started each maze.","90":"I think I did pretty well","91":"It was fun to play this game","92":"I feel I did great!","93":"I did well.","94":"No","95":"I tried to take the shortest route even from the broken blue parts","97":"Brilliant. Close to perfect","98":"n\/a","99":"I just made a quick plan and then I went for it.","100":"it was pretty easy, I thought","101":"i think i performed fairly well, sometimes my finger got ahead of my brain, but it was fun","102":"I tried my best to be efficient with my movements around the board. I moved quick also and constantly moved so that the green would not go away.","103":"ok but not great","104":"Picture guidance may be helpful","105":"No - that was fun","106":"I think I could have done a lot better. I sometimes forgot where that the blue dot starts on different sides, and also ending up attacking some blue blocks.","107":"no","108":"Sometimes the green object disappeared when movement was being made.","109":"N\/A","110":"no","111":"no","112":"N\/A","113":"I think I did well?","114":"I think I did pretty good","115":"Was a fun and interesting maze game. ","116":"N\/A","117":"Fast as I could after planning a route before moving ","118":"no","120":"well enough ","121":"I know I missed some but did better than I thought I would.","122":"There was to much lag in the responsiveness of the key strokes. It would not let me move the ball fast enough.","123":"I think I did okay once I got the hang of it.","124":"I thought I performed well, I took a few seconds to plan my path before moving","125":"Nope.","126":"I think I did a very good job after picking a strategy.","127":"I think I did pretty well. I know I didn't get the green dot on one of them but overall, a pretty decent job. ","128":"Not really. I think that I hit obstacles more than I'd hoped.","129":"I tried to find the best path before I made my first move so I wasn't wasting time and letting the square disappear while trying to find a move.","130":"Not really. Hope I did it right.","131":"I think okay?","132":"I think I did well.","133":"I thought the puzzles were easy, I think I did very well. I had fun doing it too :)","134":"Nope just did my best","135":"I love this game","136":"Tried to find path and hoped for the best","137":"No","138":"a couple of times I mentally reversed the start and end which screwed me up but in general i found the path before I started clicking","139":"I think I did about average.","140":"no","141":"I believe I did well","142":"i think i performed very well on the tasks","143":"just tried to stay moving","144":"Adequately","145":"probably about 50%","146":"I tried to find a path ahead of time in my head, then I would do my best to follow it.","147":"Pretty good!","148":"It was fun!","149":"Better than I thought I would.","150":"I just tried to map the closest route and go towards the goal. ","151":"I tried to find the shortest path to the green square through broken blue squares.","152":"great study ","153":"fun","154":"on one task i pressed the wrong key on the first move so the green square disappeared","155":"no","156":"I just tried to see if the path I wanted to take had any obstacles before starting to move the blue ball, and if not I started the task.","157":"I just scanned the maze before I started and went for the path I saw","158":"i think i did pretty good","159":"None","160":"I figured out my moves before moving so the green square would stay on the screen.","161":"no","162":"I looked at the maze before moving","163":"No, not particularly.","164":"I think on most of them I did ok, there were a few I didn't manage to get in time. \n","165":"I felt stressed out.","166":"It got a lot better once I realised that by simply keeping the blue blob moving in any direction at all, the green square would stay visible long enough for me to even get a chance to look at the maze and find a way to it!","167":"I remembered that the square doesn't disappear till you start moving, so I tried to plan my route. Just identified a possible route, looked if there was anything shorter, and just went for it.","168":"no, but it is vastly underpaid and will be reported as such","169":"None, easy to learn.","170":"it was fun i really liked it ","171":"On the one time I failed, my eyes were on the yellow square and not on the ball.","172":"I think I did fairly well but often times the green circle disappeared on me. ","173":"I sometimes thought I was starting from the yellow box in the beginning.","174":"I made a lot of mistakes. I had a hard time with this task!","175":"I think I preformed slightly below average because I messed up the first two mazes getting zero points. My mistakes on the rest of the mazes were very minor.","176":"I did alright, I guess, but sometimes forgot to focus on the direction I was going with the blue dot when the round first starts.  I think I bumped the wall a few times.","177":"Fun to try and race there, pounded keys a lot.","178":"I think I did poorly.","179":"Once I realised I could plan my attempts in my own time I counted how many squares to go up down or across so I could make it in time. I sometimes put my finger on the screen.","180":"Very fun I think I did partially well","181":"It took me a few tries to figure it out.","182":"No","183":"I feel like I did quite well. ","184":"No, but I did enjoy this task. It was pretty fun.","185":"no ","186":"NONE","187":"I think I did ok. On some of the puzzles I could have moved using few blocks to get to the goal.","188":"Didn't get it the first 2 or so times, but understood afterwards. It was fun!","189":"I believe I performed very well!","190":"I find it confusing when I start at a different corner each time","191":"no","192":"I looked for either straight paths made of white or broken blue so that I could reach the yellow box.","193":"Accidently bumped into walls at the start","194":"I tried to find the quickest path to the yellow square","196":"none","198":"It was fun! ","199":"it was a fun game","200":"No","201":"I think I did alright but I'm sure I was overzealous with pressing buttons and hit walls where I shouldn't have. I also hit the wrong direction once or twice at the start when I thought I was in a different position which resulted in me hitting a wall.","202":"No.","203":"I might have sometimes bumped into objects by pressing the moving buttons too quickly.","204":"No","205":"I tried to map it out with my mind and then proceeded with the task","206":"I thought it was easy. ","207":"No","208":"No","209":"no","210":"I did pretty well","211":"I think I did well.","213":"I think I made just a few mistakes. I think I always found the shortest rout. ","214":"it seemed pretty easy","215":"I do not","216":"I feel like I did pretty well.","217":"to my best ability\n","218":"tried to find the shortest path","219":"N\/A","220":"Not really","221":"I would figure out the path before starting to move. ","222":"I performed excellently","223":"No","224":" I think I did decent.","226":"none","227":"pretty good","228":"I think I performed well","229":"This was really fun!","230":"Quick scan for a route then just rapidly tapping to make it in time, while also avoiding crashes.","231":"no","232":"probably preformed average","233":"The speed does't matter only moving matters","234":"I always try to find the way to the yellow box before I make a move.","235":"I believe I did okay?","236":"I made a few mistakes but did fairly well.","237":"it was ok","238":"Seemed straightforward enough.  I'm happy I was always able to get to the goal.","239":"I think I did poorly - kept hitting the wrong arrow keys with my hotdog fingers.","240":"no","241":"I think I did ok, I was not sure how well I did since there was no point totals. ","242":"I think I did ok.","243":"The task was fun. I would occasionally forget that I am not supposed to stop.","244":"No issues","245":"not really, plot path first then go for it","246":"i did well","247":"I looked out for the deep blue blocked parts and avoided the them completely.","248":"I think pretty good","249":"It was fun","250":"It got easier the more I relaxed and became more familiar with the game.","251":"I would sometimes get  confused and think I was the green dot instead of the blue ball. Each time that happened, the green dot disappeared","252":"No","253":"I think I probably performed rather well. ","254":"I got better the more and more I did the task.","255":"I thought I did pretty well!","256":"by looking at it first seeing the path then moveing the ball","257":"I don't think I did well on most rounds. ","258":"I don't think i did well","259":"i think i did a great job","260":"no","261":"nothing","262":"No comments.","263":"This was fun, thanks so much! ","264":"I tried to map out my course before I started so I could keep the green square from shrinking","265":"I thought I did okay.","266":"No I do not think so.","267":"I got mixed up with where I was vs. the goal at the beginning a couple times because of looking at the maze as a whole and not specifically at either corner, but I think I did fine otherwise.","268":"I would look at the different squares and try to find the path with less resistance. I did however move the ball in the wrong directions a few times and this would always make the green square disappear.","269":"no ","270":"I think I did great.","271":"none","272":"I think I did really well. In one maze I accidentally tried to move the square instead of the circle, which cost me a few bumps","273":"Average.","274":"I clicked buttons.","275":"none","276":"I think I did well.","277":"meh","278":"No","279":"i think i did well enough","280":"If I think about it too much I don't do well. If I count squares I do better.","281":"I don't think I did very well.","282":"No","283":"I stopped for a minute before starting the movement to determine the shortest possible route without any solid blue blocks and black blocks.","284":"cool","286":"I feel like I did not optimize my path very well.","287":"seemed fairly easy.","288":"i thought task was engaging and interesting i did best i can on it","289":"I think I bumped into too many things.","290":"Nothing in pa","291":"Nothing I can think of","292":"Good Game","293":"carpal tunnel is not happy","294":"good task","295":"Thought I did well except on one where I confused the start and finish points. ","296":"I just looked at where to go before i started moving and went there.","297":"I think I did alright","298":"I got the hang of it after a couple tries and then I think I was good","299":"very well i enjoyed the tasks","300":"I rushed through the first few times but then I realized I can just find the path before I move.","301":"This was a really fun study! I think I did pretty good!","302":"preformed to the best of my ability","303":"I mapped out a route before i started, and had points mapped where i would make my turns.","304":"I tried to minimize the number of times I  moved.","305":"I believe I performed the task fairly well.","306":"No.","307":"amazing i think, worthy of an additional bonus in my opinion "},"greenSquareThink":{"0":false,"1":true,"2":false,"3":true,"4":true,"5":true,"6":false,"7":true,"8":false,"9":false,"11":false,"12":true,"13":true,"15":false,"16":true,"17":true,"18":true,"19":true,"20":false,"21":true,"22":true,"23":true,"24":true,"25":true,"26":false,"27":true,"28":false,"29":true,"31":true,"32":false,"33":true,"34":false,"35":true,"36":true,"37":true,"38":true,"39":true,"40":true,"41":true,"42":true,"43":true,"44":true,"45":true,"46":false,"47":true,"48":true,"49":true,"50":true,"51":true,"52":false,"53":true,"54":true,"56":false,"57":true,"58":false,"59":true,"60":false,"61":true,"62":true,"63":true,"64":true,"65":true,"67":false,"68":true,"69":true,"70":true,"71":true,"72":true,"73":true,"74":true,"75":true,"77":true,"78":false,"80":true,"81":false,"82":true,"83":true,"84":true,"85":false,"86":true,"87":false,"88":true,"89":true,"90":false,"91":true,"92":true,"93":false,"94":true,"95":true,"97":true,"98":false,"99":true,"100":true,"101":true,"102":true,"103":true,"104":true,"105":false,"106":true,"107":true,"108":true,"109":true,"110":true,"111":false,"112":true,"113":true,"114":true,"115":true,"116":false,"117":true,"118":false,"120":true,"121":false,"122":false,"123":true,"124":true,"125":false,"126":true,"127":true,"128":true,"129":true,"130":false,"131":true,"132":true,"133":true,"134":true,"135":true,"136":true,"137":true,"138":false,"139":false,"140":true,"141":true,"142":true,"143":true,"144":true,"145":true,"146":true,"147":false,"148":false,"149":true,"150":false,"151":true,"152":true,"153":true,"154":true,"155":false,"156":true,"157":true,"158":true,"159":true,"160":true,"161":true,"162":true,"163":true,"164":true,"165":true,"166":false,"167":true,"168":false,"169":false,"170":true,"171":true,"172":true,"173":true,"174":true,"175":false,"176":false,"177":false,"178":true,"179":true,"180":true,"181":true,"182":false,"183":true,"184":false,"185":true,"186":true,"187":true,"188":true,"189":false,"190":true,"191":false,"192":true,"193":true,"194":true,"196":true,"198":true,"199":true,"200":true,"201":false,"202":true,"203":true,"204":false,"205":true,"206":true,"207":true,"208":true,"209":false,"210":true,"211":false,"213":false,"214":true,"215":true,"216":true,"217":true,"218":false,"219":false,"220":false,"221":true,"222":true,"223":false,"224":true,"226":true,"227":true,"228":true,"229":true,"230":true,"231":true,"232":true,"233":true,"234":true,"235":true,"236":true,"237":true,"238":true,"239":true,"240":true,"241":false,"242":true,"243":true,"244":true,"245":false,"246":true,"247":true,"248":false,"249":false,"250":true,"251":true,"252":true,"253":true,"254":true,"255":true,"256":true,"257":true,"258":true,"259":true,"260":false,"261":false,"262":true,"263":true,"264":true,"265":true,"266":true,"267":true,"268":true,"269":true,"270":false,"271":false,"272":true,"273":true,"274":false,"275":true,"276":true,"277":true,"278":true,"279":false,"280":true,"281":true,"282":true,"283":true,"284":true,"286":true,"287":true,"288":true,"289":true,"290":true,"291":true,"292":true,"293":true,"294":true,"295":true,"296":true,"297":true,"298":true,"299":false,"300":false,"301":true,"302":true,"303":true,"304":true,"305":true,"306":true,"307":false},"winPointsThink":{"0":true,"1":true,"2":true,"3":true,"4":true,"5":true,"6":true,"7":true,"8":false,"9":true,"11":true,"12":true,"13":true,"15":false,"16":true,"17":true,"18":false,"19":true,"20":true,"21":true,"22":true,"23":false,"24":true,"25":true,"26":false,"27":true,"28":true,"29":true,"31":true,"32":true,"33":true,"34":true,"35":true,"36":true,"37":true,"38":true,"39":true,"40":true,"41":false,"42":true,"43":false,"44":false,"45":true,"46":true,"47":false,"48":true,"49":false,"50":true,"51":true,"52":true,"53":false,"54":true,"56":false,"57":false,"58":true,"59":true,"60":false,"61":true,"62":true,"63":true,"64":true,"65":false,"67":false,"68":true,"69":true,"70":true,"71":true,"72":true,"73":false,"74":true,"75":true,"77":true,"78":false,"80":true,"81":true,"82":true,"83":true,"84":false,"85":true,"86":true,"87":false,"88":true,"89":true,"90":false,"91":true,"92":true,"93":false,"94":true,"95":true,"97":true,"98":false,"99":true,"100":true,"101":true,"102":true,"103":true,"104":true,"105":false,"106":true,"107":true,"108":false,"109":false,"110":true,"111":true,"112":true,"113":true,"114":true,"115":true,"116":false,"117":true,"118":false,"120":true,"121":false,"122":false,"123":true,"124":true,"125":true,"126":true,"127":true,"128":true,"129":true,"130":true,"131":false,"132":true,"133":true,"134":true,"135":false,"136":true,"137":true,"138":true,"139":true,"140":true,"141":true,"142":true,"143":true,"144":true,"145":true,"146":true,"147":true,"148":true,"149":false,"150":false,"151":true,"152":true,"153":false,"154":true,"155":true,"156":true,"157":true,"158":true,"159":false,"160":true,"161":false,"162":false,"163":true,"164":true,"165":false,"166":false,"167":true,"168":false,"169":true,"170":true,"171":true,"172":true,"173":false,"174":true,"175":true,"176":false,"177":true,"178":true,"179":true,"180":true,"181":true,"182":false,"183":true,"184":false,"185":true,"186":true,"187":true,"188":true,"189":true,"190":true,"191":true,"192":true,"193":true,"194":true,"196":true,"198":false,"199":true,"200":true,"201":true,"202":true,"203":true,"204":true,"205":true,"206":true,"207":true,"208":false,"209":false,"210":false,"211":true,"213":true,"214":true,"215":true,"216":true,"217":true,"218":true,"219":true,"220":true,"221":true,"222":true,"223":true,"224":true,"226":false,"227":true,"228":true,"229":true,"230":true,"231":true,"232":false,"233":false,"234":true,"235":true,"236":true,"237":true,"238":true,"239":true,"240":false,"241":true,"242":true,"243":true,"244":true,"245":false,"246":false,"247":true,"248":false,"249":false,"250":true,"251":true,"252":true,"253":false,"254":true,"255":true,"256":true,"257":true,"258":true,"259":true,"260":true,"261":true,"262":true,"263":true,"264":true,"265":true,"266":true,"267":true,"268":true,"269":false,"270":true,"271":true,"272":true,"273":false,"274":false,"275":true,"276":true,"277":true,"278":true,"279":false,"280":false,"281":true,"282":true,"283":true,"284":true,"286":true,"287":true,"288":true,"289":false,"290":false,"291":true,"292":true,"293":true,"294":true,"295":true,"296":true,"297":true,"298":true,"299":true,"300":true,"301":false,"302":false,"303":true,"304":true,"305":false,"306":true,"307":false},"brokenBlocksThink":{"0":true,"1":true,"2":true,"3":true,"4":true,"5":true,"6":true,"7":true,"8":true,"9":true,"11":true,"12":true,"13":true,"15":true,"16":true,"17":true,"18":true,"19":true,"20":true,"21":true,"22":true,"23":true,"24":true,"25":true,"26":true,"27":true,"28":true,"29":true,"31":true,"32":true,"33":true,"34":true,"35":true,"36":true,"37":true,"38":true,"39":true,"40":true,"41":true,"42":true,"43":true,"44":true,"45":true,"46":true,"47":true,"48":true,"49":true,"50":true,"51":true,"52":true,"53":true,"54":true,"56":true,"57":false,"58":true,"59":true,"60":true,"61":true,"62":true,"63":true,"64":true,"65":true,"67":true,"68":true,"69":true,"70":true,"71":true,"72":true,"73":true,"74":true,"75":true,"77":true,"78":true,"80":true,"81":true,"82":true,"83":true,"84":true,"85":true,"86":true,"87":false,"88":true,"89":true,"90":true,"91":true,"92":true,"93":true,"94":true,"95":true,"97":true,"98":true,"99":true,"100":true,"101":true,"102":true,"103":true,"104":true,"105":true,"106":true,"107":true,"108":true,"109":true,"110":true,"111":true,"112":true,"113":true,"114":true,"115":true,"116":true,"117":true,"118":true,"120":true,"121":true,"122":true,"123":true,"124":true,"125":false,"126":true,"127":true,"128":true,"129":true,"130":true,"131":true,"132":true,"133":true,"134":true,"135":true,"136":true,"137":true,"138":true,"139":true,"140":true,"141":true,"142":true,"143":true,"144":true,"145":false,"146":true,"147":true,"148":true,"149":true,"150":true,"151":true,"152":true,"153":true,"154":true,"155":true,"156":true,"157":true,"158":true,"159":true,"160":true,"161":true,"162":true,"163":true,"164":true,"165":true,"166":true,"167":true,"168":false,"169":true,"170":true,"171":true,"172":true,"173":false,"174":true,"175":true,"176":true,"177":true,"178":true,"179":true,"180":true,"181":true,"182":true,"183":true,"184":false,"185":true,"186":true,"187":true,"188":true,"189":true,"190":true,"191":true,"192":true,"193":true,"194":true,"196":true,"198":true,"199":false,"200":true,"201":true,"202":true,"203":true,"204":true,"205":true,"206":true,"207":true,"208":true,"209":false,"210":true,"211":false,"213":true,"214":true,"215":true,"216":true,"217":true,"218":true,"219":true,"220":true,"221":true,"222":true,"223":true,"224":true,"226":true,"227":true,"228":true,"229":true,"230":true,"231":true,"232":true,"233":true,"234":true,"235":true,"236":true,"237":true,"238":true,"239":true,"240":true,"241":false,"242":true,"243":true,"244":true,"245":true,"246":true,"247":true,"248":true,"249":true,"250":true,"251":true,"252":true,"253":true,"254":true,"255":true,"256":true,"257":true,"258":true,"259":true,"260":true,"261":true,"262":true,"263":true,"264":true,"265":false,"266":true,"267":true,"268":true,"269":true,"270":true,"271":true,"272":true,"273":true,"274":true,"275":true,"276":true,"277":true,"278":true,"279":true,"280":true,"281":true,"282":true,"283":true,"284":false,"286":true,"287":true,"288":true,"289":true,"290":true,"291":true,"292":true,"293":true,"294":true,"295":true,"296":true,"297":true,"298":true,"299":true,"300":false,"301":true,"302":true,"303":true,"304":true,"305":true,"306":true,"307":true},"age":{"0":"34","1":"35","2":"32","3":"32","4":"63","5":"48","6":"27","7":"32","8":"22","9":"22","11":"28","12":"29","13":"29","15":"45","16":"33","17":"27","18":"61","19":"25","20":"26","21":"27","22":"23","23":"55","24":"29","25":"40","26":"23","27":"41","28":"31","29":"30","31":"36","32":"24","33":"58","34":"33","35":"25","36":"35","37":"21","38":"34","39":"28","40":"42","41":"40","42":"26","43":"35","44":"54","45":"34","46":"34","47":"31","48":"25","49":"57","50":"42","51":"34","52":"30","53":"48","54":"41","56":"57","57":"62","58":"35","59":"49","60":"37","61":"32","62":"31","63":"31","64":"28","65":"27","67":"24","68":"36","69":"50","70":"40","71":"20","72":"37","73":"39","74":"42","75":"29","77":"40","78":"36","80":"32","81":"26","82":"67","83":"28","84":"57","85":"37","86":"50","87":"23","88":"31","89":"28","90":"35","91":"49","92":"42","93":"33","94":"37","95":"30","97":"23","98":"23","99":"41","100":"37","101":"26","102":"27","103":"49","104":"34","105":"50","106":"22","107":"36","108":"60","109":"26","110":"41","111":"33","112":"24`","113":"41","114":"22","115":"25","116":"33","117":"39","118":"31","120":"40","121":"52","122":"44","123":"26","124":"32","125":"30","126":"48","127":"28","128":"37","129":"48","130":"28","131":"33","132":"26","133":"27","134":"28","135":"36","136":"46","137":"34","138":"61","139":"39","140":"41","141":"29","142":"46","143":"43","144":"35","145":"59","146":"34","147":"39","148":"25","149":"55","150":"27","151":"23","152":"60","153":"25","154":"20","155":"30","156":"43","157":"38","158":"44","159":"39","160":"37","161":"49","162":"29","163":"32","164":"27","165":"18","166":"58","167":"28","168":"54","169":"28","170":"29","171":"32","172":"61","173":"43","174":"55","175":"30","176":"47","177":"35","178":"37","179":"69","180":"22","181":"30","182":"43","183":"32","184":"31","185":"29","186":"52","187":"53","188":"28","189":"27","190":"22","191":"37","192":"35","193":"29","194":"49","196":"29","198":"41","199":"26","200":"36","201":"33","202":"33","203":"22","204":"33","205":"29","206":"35","207":"34","208":"21","209":"31","210":"27","211":"43","213":"46","214":"46","215":"25","216":"54","217":"28","218":"39","219":"28","220":"33","221":"43","222":"26","223":"34","224":"25","226":"26","227":"29","228":"24","229":"41","230":"19","231":"58","232":"51","233":"39","234":"35","235":"30","236":"32","237":"45","238":"50","239":"57","240":"44","241":"37","242":"51","243":"37","244":"39","245":"75","246":"36","247":"27","248":"25","249":"34","250":"26","251":"32","252":"36","253":"30","254":"33","255":"31","256":"35","257":"43","258":"48","259":"42","260":"29","261":"38","262":"44","263":"34","264":"44","265":"29","266":"25","267":"23","268":"42","269":"38","270":"20","271":"34","272":"42","273":"34","274":"41","275":"40","276":"48","277":"59","278":"45","279":"22","280":"37","281":"51","282":"34","283":"43","284":"44","286":"37","287":"30","288":"33","289":"64","290":"49","291":"31","292":"35","293":"51","294":"33","295":"24","296":"36","297":"32","298":"28","299":"33","300":"24","301":"47","302":"30","303":"45","304":"37","305":"23","306":"27","307":"26"},"gender":{"0":"male","1":"Male","2":"Male","3":"Male","4":"female","5":"Female","6":"male","7":"Female","8":"Female","9":"Male","11":"male","12":"Male","13":"Male","15":"Male","16":"male","17":"male","18":"Female","19":"female","20":"male","21":"female","22":"female","23":"Female","24":"Female","25":"Male","26":"Male","27":"MALE","28":"female","29":"Female","31":"female","32":"Male","33":"Female","34":"Male","35":"female","36":"female","37":"M","38":"female","39":"Male","40":"Male","41":"Female","42":"female","43":"Male","44":"female","45":"male","46":"female","47":"Male","48":"Female","49":"Female","50":"Female","51":"Male","52":"Male","53":"female","54":"male","56":"male","57":"female","58":"male","59":"female","60":"female","61":"Male","62":"Male","63":"male","64":"Male","65":"female","67":"male","68":"Male","69":"male","70":"Female","71":"Male","72":"female","73":"Female","74":"Male","75":"Male","77":"female","78":"Female","80":"female","81":"Woman","82":"Male","83":"Female","84":"Female","85":"Male","86":"female","87":"male","88":"Male","89":"Male","90":"Male","91":"Male","92":"Female","93":"female","94":"Male","95":"Male","97":"Male","98":"female","99":"male","100":"female","101":"female","102":"Male","103":"male","104":"male","105":"Male","106":"Male","107":"male","108":"Female","109":"Male","110":"male","111":"m","112":"Male","113":"Male","114":"F","115":"Male","116":"Male","117":"male","118":"female","120":"F","121":"female","122":"male","123":"Female","124":"Male","125":"Female","126":"Male","127":"Female","128":"Female","129":"Female","130":"Male","131":"female","132":"Male","133":"Male","134":"Female","135":"male","136":"female","137":"Female","138":"female","139":"MALE","140":"female","141":"Male","142":"male","143":"female","144":"Female","145":"Male","146":"Male","147":"Male","148":"Female","149":"Female","150":"Male","151":"Female","152":"Female","153":"male","154":"Female","155":"Male","156":"female","157":"male","158":"male","159":"female","160":"female","161":"female","162":"Female","163":"Non-binary","164":"Female","165":"female","166":"female","167":"male","168":"female ","169":"Male","170":"female","171":"Male","172":"female","173":"female","174":"female","175":"Male","176":"Male","177":"Male","178":"Male","179":"female","180":"female","181":"Female","182":"Male","183":"Male","184":"Male","185":"male","186":"female","187":"male","188":"Female","189":"Female","190":"female","191":"male","192":"Male","193":"male","194":"male","196":"male","198":"female","199":"male","200":"Male","201":"male","202":"Female","203":"female","204":"Male","205":"Female","206":"Male","207":"male","208":"Female","209":"Male","210":"female","211":"Male","213":"male","214":"female","215":"Male","216":"female","217":"female","218":"male","219":"Female","220":"male","221":"Male","222":"male","223":"woman","224":"Male","226":"male","227":"Male","228":"Female","229":"female","230":"Male","231":"male","232":"female","233":"Female","234":"female","235":"female","236":"Male","237":"female","238":"male","239":"male","240":"Male","241":"Female","242":"Male","243":"female","244":"Male","245":"male","246":"female","247":"Male","248":"Male","249":"Male","250":"Female","251":"female","252":"Male","253":"Male","254":"Male","255":"Male","256":"F","257":"Female","258":"female","259":"male","260":"female","261":"m","262":"Female","263":"female","264":"Male","265":"Female","266":"Female","267":"Male","268":"female","269":"f","270":"Male","271":"female","272":"Male","273":"male","274":"Female","275":"MALE","276":"female","277":"female","278":"Male","279":"male","280":"male","281":"Female","282":"Male","283":"Male","284":"male","286":"female","287":"male","288":"male","289":"male","290":"female","291":"Male","292":"Male","293":"woman","294":"male","295":"Male","296":"male","297":"Male","298":"Male","299":"F","300":"Male","301":"male","302":"female","303":"male","304":"male","305":"Male","306":"Female","307":"male"},"mean_test_steps":{"0":24.875,"1":24.625,"2":25.125,"3":24.0,"4":25.875,"5":29.875,"6":24.625,"7":25.625,"8":24.0,"9":24.125,"11":24.125,"12":24.0,"13":24.5,"15":25.375,"16":25.25,"17":24.75,"18":24.25,"19":25.0,"20":24.0,"21":27.875,"22":25.0,"23":28.125,"24":24.0,"25":24.0,"26":24.75,"27":24.0,"28":25.125,"29":24.375,"31":24.875,"32":24.0,"33":25.375,"34":24.375,"35":24.875,"36":24.0,"37":25.125,"38":25.375,"39":24.0,"40":24.75,"41":24.0,"42":24.25,"43":25.5,"44":24.625,"45":24.5,"46":24.375,"47":26.75,"48":24.875,"49":24.25,"50":24.25,"51":24.625,"52":24.0,"53":24.0,"54":24.625,"56":26.0,"57":25.375,"58":24.0,"59":25.25,"60":24.5,"61":24.0,"62":24.25,"63":24.25,"64":24.375,"65":24.0,"67":24.125,"68":25.0,"69":24.625,"70":24.0,"71":24.125,"72":24.875,"73":24.625,"74":26.25,"75":24.125,"77":25.0,"78":25.625,"80":24.375,"81":24.75,"82":30.625,"83":24.625,"84":25.875,"85":24.0,"86":26.25,"87":24.75,"88":24.0,"89":24.125,"90":24.25,"91":26.25,"92":24.375,"93":24.25,"94":24.125,"95":24.125,"97":24.75,"98":24.875,"99":25.0,"100":24.5,"101":27.0,"102":24.25,"103":25.0,"104":29.625,"105":25.375,"106":28.125,"107":24.5,"108":26.75,"109":24.875,"110":26.125,"111":24.0,"112":24.125,"113":24.375,"114":24.0,"115":24.25,"116":25.875,"117":24.625,"118":24.875,"120":24.375,"121":25.375,"122":24.125,"123":24.0,"124":24.0,"125":24.125,"126":24.25,"127":24.25,"128":24.125,"129":24.75,"130":24.625,"131":24.125,"132":24.375,"133":24.125,"134":24.375,"135":26.75,"136":24.5,"137":29.25,"138":24.75,"139":24.75,"140":24.375,"141":30.0,"142":25.25,"143":25.0,"144":24.0,"145":33.625,"146":24.75,"147":25.25,"148":25.75,"149":27.0,"150":30.0,"151":25.0,"152":26.125,"153":25.75,"154":24.125,"155":24.0,"156":24.0,"157":24.0,"158":24.5,"159":24.5,"160":26.75,"161":24.625,"162":24.75,"163":25.125,"164":29.625,"165":28.125,"166":35.875,"167":24.375,"168":24.25,"169":24.0,"170":24.375,"171":24.0,"172":24.625,"173":24.125,"174":24.375,"175":24.5,"176":25.5,"177":24.875,"178":26.375,"179":26.125,"180":25.0,"181":25.0,"182":24.0,"183":24.0,"184":24.25,"185":24.5,"186":25.75,"187":24.125,"188":24.375,"189":26.25,"190":25.125,"191":24.75,"192":24.375,"193":24.25,"194":24.0,"196":25.25,"198":24.625,"199":28.25,"200":24.625,"201":24.75,"202":24.25,"203":24.375,"204":26.0,"205":24.0,"206":25.125,"207":24.375,"208":24.625,"209":24.125,"210":26.875,"211":24.0,"213":24.375,"214":24.875,"215":25.125,"216":25.375,"217":24.75,"218":24.5,"219":24.0,"220":24.375,"221":24.625,"222":30.5,"223":26.125,"224":24.875,"226":25.75,"227":24.0,"228":24.25,"229":28.125,"230":24.0,"231":25.0,"232":26.125,"233":28.0,"234":24.25,"235":25.125,"236":24.25,"237":25.25,"238":26.125,"239":26.625,"240":24.875,"241":24.375,"242":24.0,"243":24.875,"244":27.125,"245":34.25,"246":25.375,"247":24.0,"248":26.25,"249":24.25,"250":24.25,"251":25.125,"252":24.0,"253":24.125,"254":24.625,"255":24.375,"256":24.625,"257":24.125,"258":25.875,"259":24.0,"260":25.0,"261":24.875,"262":25.5,"263":24.5,"264":24.75,"265":25.125,"266":24.375,"267":24.375,"268":24.375,"269":25.125,"270":28.25,"271":25.625,"272":24.0,"273":25.0,"274":25.0,"275":24.125,"276":24.125,"277":24.75,"278":24.25,"279":24.0,"280":24.0,"281":24.25,"282":24.5,"283":25.0,"284":24.75,"286":24.75,"287":25.0,"288":24.25,"289":29.125,"290":24.25,"291":26.625,"292":24.5,"293":24.125,"294":26.625,"295":24.0,"296":24.5,"297":24.125,"298":24.75,"299":24.625,"300":24.0,"301":25.5,"302":24.25,"303":25.375,"304":24.125,"305":24.0,"306":24.125,"307":24.25},"total_time_sec":{"0":443.001,"1":331.325,"2":387.308,"3":326.53,"4":600.748,"5":618.838,"6":312.134,"7":304.915,"8":327.906,"9":406.431,"11":356.169,"12":334.195,"13":303.417,"15":465.61,"16":395.149,"17":340.763,"18":646.405,"19":487.66,"20":564.328,"21":343.096,"22":347.461,"23":521.79,"24":342.297,"25":545.313,"26":442.226,"27":595.479,"28":443.957,"29":367.452,"31":502.904,"32":604.728,"33":423.501,"34":778.124,"35":441.005,"36":415.863,"37":305.894,"38":311.289,"39":288.699,"40":317.277,"41":345.297,"42":506.52,"43":347.667,"44":563.484,"45":347.185,"46":641.53,"47":284.937,"48":369.605,"49":632.664,"50":415.523,"51":392.507,"52":350.022,"53":428.069,"54":319.893,"56":360.261,"57":626.343,"58":630.465,"59":351.647,"60":363.865,"61":340.821,"62":369.907,"63":320.751,"64":379.632,"65":343.678,"67":533.521,"68":288.225,"69":482.126,"70":474.044,"71":655.242,"72":480.734,"73":555.152,"74":561.76,"75":381.121,"77":820.922,"78":567.817,"80":894.244,"81":347.161,"82":578.478,"83":432.966,"84":854.145,"85":322.979,"86":467.606,"87":338.511,"88":350.218,"89":541.16,"90":295.999,"91":453.205,"92":1182.571,"93":303.455,"94":288.074,"95":375.23,"97":417.188,"98":346.109,"99":288.052,"100":385.149,"101":725.201,"102":656.917,"103":470.906,"104":586.102,"105":411.048,"106":406.372,"107":500.959,"108":512.242,"109":308.529,"110":374.0,"111":283.338,"112":563.27,"113":549.83,"114":252.872,"115":379.138,"116":560.272,"117":849.347,"118":690.388,"120":478.421,"121":799.62,"122":926.645,"123":322.637,"124":476.969,"125":248.617,"126":712.472,"127":436.786,"128":396.659,"129":591.582,"130":461.05,"131":398.903,"132":795.798,"133":434.833,"134":341.257,"135":1501.472,"136":605.076,"137":602.78,"138":596.089,"139":267.696,"140":373.586,"141":740.292,"142":429.226,"143":588.053,"144":301.665,"145":696.814,"146":350.097,"147":896.874,"148":763.831,"149":685.127,"150":327.781,"151":453.908,"152":522.228,"153":357.444,"154":602.683,"155":395.818,"156":647.607,"157":611.94,"158":362.808,"159":466.076,"160":443.222,"161":623.169,"162":382.715,"163":273.691,"164":495.018,"165":352.151,"166":539.575,"167":394.205,"168":747.015,"169":672.062,"170":510.529,"171":847.611,"172":663.324,"173":494.809,"174":736.759,"175":276.129,"176":763.861,"177":482.332,"178":526.322,"179":1033.48,"180":589.21,"181":523.056,"182":308.503,"183":246.008,"184":393.389,"185":296.233,"186":524.895,"187":529.113,"188":360.665,"189":365.888,"190":252.462,"191":377.108,"192":388.561,"193":531.932,"194":350.591,"196":651.438,"198":388.954,"199":2106.509,"200":347.296,"201":324.247,"202":397.854,"203":658.716,"204":477.645,"205":428.813,"206":381.735,"207":723.415,"208":346.927,"209":400.99,"210":338.129,"211":302.807,"213":491.96,"214":444.733,"215":495.675,"216":450.282,"217":746.424,"218":299.831,"219":268.105,"220":360.625,"221":635.664,"222":669.672,"223":330.843,"224":440.378,"226":403.514,"227":294.869,"228":376.703,"229":475.921,"230":375.72,"231":642.022,"232":602.948,"233":574.364,"234":408.282,"235":301.749,"236":474.581,"237":642.148,"238":438.821,"239":787.977,"240":294.181,"241":344.804,"242":544.577,"243":656.343,"244":283.241,"245":753.374,"246":466.374,"247":505.732,"248":235.468,"249":326.919,"250":439.783,"251":401.485,"252":319.657,"253":293.816,"254":364.918,"255":543.148,"256":591.903,"257":461.239,"258":728.397,"259":470.574,"260":373.689,"261":828.637,"262":393.477,"263":475.472,"264":688.562,"265":505.301,"266":403.112,"267":319.867,"268":577.033,"269":661.922,"270":292.784,"271":446.412,"272":354.208,"273":337.293,"274":382.631,"275":368.168,"276":431.67,"277":686.17,"278":560.786,"279":279.429,"280":361.327,"281":597.556,"282":363.961,"283":586.982,"284":534.313,"286":373.476,"287":347.88,"288":392.04,"289":658.747,"290":518.271,"291":388.538,"292":535.034,"293":559.109,"294":661.409,"295":342.514,"296":592.858,"297":507.781,"298":482.534,"299":517.042,"300":329.908,"301":507.489,"302":484.86,"303":409.429,"304":317.096,"305":321.173,"306":379.986,"307":602.485}}